transaction_id,date,customer_id,product_id,product_name,category,region,channel,payment_method,quantity,unit_price,discount_pct,net_unit_price,revenue,cogs,profit
TXN01690,2023-01-01,CUST0437,PROD023,Business Analytics,Books,North,Mobile App,Credit Card,2,44.99,0.02,44.09,88.18,41.57,46.61
TXN00386,2023-01-01,CUST0025,PROD006,Running Jacket,Clothing,West,In-Store,Net Banking,3,79.99,0.06,75.19,225.57,106.38,119.19
TXN01074,2023-01-01,CUST0128,PROD015,Cutting Board,Home & Kitchen,East,Online,Cash,2,19.99,0.11,17.79,35.58,22.74,12.84
TXN01243,2023-01-02,CUST0049,PROD008,Casual T-Shirt,Clothing,South,Mobile App,Cash,3,24.99,0.18,20.49,61.47,31.2,30.27
TXN00326,2023-01-02,CUST0445,PROD028,Lipstick Set,Beauty,North,Mobile App,Net Banking,4,39.99,0.24,30.39,121.56,62.66,58.9
TXN00254,2023-01-02,CUST0388,PROD024,SQL Mastery,Books,North,In-Store,Net Banking,5,34.99,0.03,33.94,169.7,109.58,60.12
TXN01227,2023-01-03,CUST0479,PROD002,Wireless Earbuds,Electronics,North,In-Store,Credit Card,3,89.99,0.2,71.99,215.97,120.41,95.56
TXN00791,2023-01-03,CUST0499,PROD007,Slim Jeans,Clothing,North,Online,Cash,3,59.99,0.04,57.59,172.77,103.8,68.97
TXN01930,2023-01-03,CUST0407,PROD011,Air Fryer 5L,Home & Kitchen,Central,In-Store,Debit Card,1,89.99,0.06,84.59,84.59,53.23,31.36
TXN01222,2023-01-03,CUST0467,PROD003,Smart Watch,Electronics,West,In-Store,Debit Card,1,249.99,0.16,209.99,209.99,130.45,79.54
TXN01287,2023-01-03,CUST0185,PROD001,"Laptop Pro 15""",Electronics,West,Mobile App,Cash,2,1199.99,0.01,1187.99,2375.98,1135.99,1239.99
TXN01682,2023-01-04,CUST0179,PROD010,Sneakers,Clothing,North,Mobile App,UPI,1,99.99,0.05,94.99,94.99,53.82,41.17
TXN01269,2023-01-04,CUST0413,PROD007,Slim Jeans,Clothing,West,Mobile App,Debit Card,2,59.99,0.08,55.19,110.38,56.53,53.85
TXN00963,2023-01-04,CUST0186,PROD029,Hair Dryer,Beauty,North,Online,UPI,2,59.99,0.1,53.99,107.98,66.43,41.55
TXN01093,2023-01-04,CUST0366,PROD016,Yoga Mat,Sports,West,Mobile App,Cash,5,34.99,0.05,33.24,166.2,102.43,63.77
TXN00651,2023-01-04,CUST0059,PROD011,Air Fryer 5L,Home & Kitchen,East,In-Store,Net Banking,3,89.99,0.08,82.79,248.37,139.09,109.28
TXN00273,2023-01-04,CUST0212,PROD021,Data Science Handbook,Books,South,Mobile App,Debit Card,1,49.99,0.24,37.99,37.99,22.17,15.82
TXN01039,2023-01-04,CUST0341,PROD016,Yoga Mat,Sports,Central,Online,Credit Card,1,34.99,0.02,34.29,34.29,20.59,13.7
TXN00003,2023-01-04,CUST0389,PROD010,Sneakers,Clothing,South,Mobile App,Net Banking,4,99.99,0.06,93.99,375.96,213.49,162.47
TXN00519,2023-01-04,CUST0193,PROD006,Running Jacket,Clothing,South,Mobile App,UPI,1,79.99,0.14,68.79,68.79,32.58,36.21
TXN01277,2023-01-05,CUST0082,PROD012,Coffee Maker,Home & Kitchen,East,Mobile App,Cash,4,69.99,0.22,54.59,218.36,118.28,100.08
TXN00568,2023-01-05,CUST0120,PROD003,Smart Watch,Electronics,North,Online,Credit Card,3,249.99,0.03,242.49,727.47,391.15,336.32
TXN01135,2023-01-05,CUST0491,PROD003,Smart Watch,Electronics,North,Mobile App,UPI,2,249.99,0.23,192.49,384.98,219.41,165.57
TXN01217,2023-01-05,CUST0164,PROD028,Lipstick Set,Beauty,North,Mobile App,UPI,3,39.99,0.04,38.39,115.17,59.07,56.1
TXN01160,2023-01-06,CUST0388,PROD012,Coffee Maker,Home & Kitchen,East,Online,Cash,5,69.99,0.03,67.89,339.45,167.14,172.31
TXN00896,2023-01-06,CUST0368,PROD020,Jump Rope,Sports,Central,Online,Credit Card,3,14.99,0.24,11.39,34.17,18.4,15.77
TXN01067,2023-01-06,CUST0062,PROD019,Water Bottle,Sports,North,Online,Credit Card,3,24.99,0.16,20.99,62.97,33.94,29.03
TXN01206,2023-01-06,CUST0463,PROD018,Resistance Bands,Sports,South,Mobile App,Cash,4,19.99,0.2,15.99,63.96,31.08,32.88
TXN01382,2023-01-06,CUST0163,PROD012,Coffee Maker,Home & Kitchen,West,Online,Debit Card,2,69.99,0.13,60.89,121.78,75.0,46.78
TXN01091,2023-01-06,CUST0493,PROD028,Lipstick Set,Beauty,West,Mobile App,Cash,5,39.99,0.23,30.79,153.95,94.17,59.78
TXN00650,2023-01-06,CUST0328,PROD003,Smart Watch,Electronics,South,Mobile App,UPI,3,249.99,0.14,214.99,644.97,372.47,272.5
TXN00990,2023-01-06,CUST0088,PROD030,Perfume 50ml,Beauty,East,In-Store,Net Banking,1,69.99,0.11,62.29,62.29,32.62,29.67
TXN01025,2023-01-07,CUST0442,PROD009,Winter Coat,Clothing,Central,Mobile App,UPI,2,149.99,0.04,143.99,287.98,140.51,147.47
TXN01232,2023-01-07,CUST0344,PROD026,Vitamin C Serum,Beauty,South,In-Store,Net Banking,1,34.99,0.24,26.59,26.59,12.29,14.3
TXN01566,2023-01-07,CUST0152,PROD007,Slim Jeans,Clothing,South,Online,Cash,4,59.99,0.16,50.39,201.56,99.41,102.15
TXN00340,2023-01-07,CUST0185,PROD002,Wireless Earbuds,Electronics,East,Online,Net Banking,4,89.99,0.16,75.59,302.36,140.36,162.0
TXN01364,2023-01-07,CUST0019,PROD013,Blender Pro,Home & Kitchen,North,Mobile App,Credit Card,4,59.99,0.05,56.99,227.96,136.02,91.94
TXN00743,2023-01-07,CUST0355,PROD016,Yoga Mat,Sports,West,Online,Debit Card,4,34.99,0.12,30.79,123.16,57.47,65.69
TXN01917,2023-01-07,CUST0126,PROD005,USB-C Hub,Electronics,West,In-Store,Net Banking,2,49.99,0.21,39.49,78.98,43.82,35.16
TXN00350,2023-01-07,CUST0126,PROD026,Vitamin C Serum,Beauty,North,In-Store,UPI,2,34.99,0.19,28.34,56.68,25.54,31.14
TXN01134,2023-01-07,CUST0391,PROD021,Data Science Handbook,Books,North,Online,Debit Card,4,49.99,0.1,44.99,179.96,84.94,95.02
TXN00574,2023-01-08,CUST0086,PROD027,Moisturizer SPF30,Beauty,East,Mobile App,Credit Card,1,29.99,0.06,28.19,28.19,15.13,13.06
TXN01852,2023-01-08,CUST0212,PROD021,Data Science Handbook,Books,North,In-Store,Debit Card,2,49.99,0.18,40.99,81.98,50.5,31.48
TXN01008,2023-01-08,CUST0206,PROD002,Wireless Earbuds,Electronics,East,Online,Net Banking,2,89.99,0.03,87.29,174.58,89.85,84.73
TXN01965,2023-01-08,CUST0427,PROD019,Water Bottle,Sports,South,Mobile App,Credit Card,5,24.99,0.04,23.99,119.95,58.46,61.49
TXN00123,2023-01-08,CUST0136,PROD029,Hair Dryer,Beauty,Central,Online,Net Banking,5,59.99,0.09,54.59,272.95,165.99,106.96
TXN01845,2023-01-09,CUST0241,PROD007,Slim Jeans,Clothing,South,Mobile App,Debit Card,5,59.99,0.18,49.19,245.95,115.79,130.16
TXN01005,2023-01-09,CUST0216,PROD007,Slim Jeans,Clothing,North,Online,UPI,3,59.99,0.23,46.19,138.57,67.9,70.67
TXN00256,2023-01-09,CUST0124,PROD006,Running Jacket,Clothing,South,Online,Credit Card,1,79.99,0.2,63.99,63.99,34.16,29.83
TXN00581,2023-01-10,CUST0318,PROD016,Yoga Mat,Sports,East,Mobile App,Debit Card,5,34.99,0.09,31.84,159.2,77.55,81.65
TXN00615,2023-01-10,CUST0178,PROD023,Business Analytics,Books,East,In-Store,UPI,3,44.99,0.12,39.59,118.77,71.13,47.64
TXN01309,2023-01-10,CUST0442,PROD001,"Laptop Pro 15""",Electronics,West,In-Store,Net Banking,3,1199.99,0.21,947.99,2843.97,1498.17,1345.8
TXN01070,2023-01-11,CUST0202,PROD011,Air Fryer 5L,Home & Kitchen,Central,Mobile App,Cash,5,89.99,0.05,85.49,427.45,261.84,165.61
TXN01631,2023-01-11,CUST0301,PROD009,Winter Coat,Clothing,East,In-Store,Cash,4,149.99,0.09,136.49,545.96,264.29,281.67
TXN00067,2023-01-11,CUST0319,PROD026,Vitamin C Serum,Beauty,South,Online,Debit Card,1,34.99,0.24,26.59,26.59,13.03,13.56
TXN00755,2023-01-11,CUST0150,PROD009,Winter Coat,Clothing,South,Online,Credit Card,3,149.99,0.11,133.49,400.47,239.3,161.17
TXN01105,2023-01-11,CUST0065,PROD024,SQL Mastery,Books,South,In-Store,Cash,2,34.99,0.03,33.94,67.88,32.01,35.87
TXN01881,2023-01-11,CUST0101,PROD015,Cutting Board,Home & Kitchen,West,In-Store,Net Banking,2,19.99,0.23,15.39,30.78,18.77,12.01
TXN00966,2023-01-11,CUST0426,PROD006,Running Jacket,Clothing,South,In-Store,Credit Card,2,79.99,0.21,63.19,126.38,79.89,46.49
TXN00388,2023-01-11,CUST0164,PROD009,Winter Coat,Clothing,East,Online,Credit Card,1,149.99,0.2,119.99,119.99,54.8,65.19
TXN00436,2023-01-11,CUST0025,PROD005,USB-C Hub,Electronics,North,In-Store,Net Banking,1,49.99,0.17,41.49,41.49,24.09,17.4
TXN00662,2023-01-12,CUST0296,PROD001,"Laptop Pro 15""",Electronics,East,Mobile App,Debit Card,5,1199.99,0.19,971.99,4859.95,2911.65,1948.3
TXN01969,2023-01-12,CUST0253,PROD012,Coffee Maker,Home & Kitchen,Central,Mobile App,Net Banking,5,69.99,0.19,56.69,283.45,181.96,101.49
TXN01499,2023-01-12,CUST0072,PROD023,Business Analytics,Books,North,Mobile App,UPI,5,44.99,0.13,39.14,195.7,99.47,96.23
TXN01179,2023-01-12,CUST0488,PROD014,Knife Set,Home & Kitchen,West,In-Store,UPI,4,44.99,0.05,42.74,170.96,84.16,86.8
TXN00922,2023-01-12,CUST0175,PROD025,ML for Beginners,Books,West,Online,Net Banking,3,29.99,0.1,26.99,80.97,37.16,43.81
TXN01365,2023-01-13,CUST0118,PROD024,SQL Mastery,Books,South,Online,UPI,4,34.99,0.01,34.64,138.56,70.2,68.36
TXN01434,2023-01-13,CUST0278,PROD028,Lipstick Set,Beauty,East,Online,UPI,3,39.99,0.11,35.59,106.77,62.46,44.31
TXN01164,2023-01-13,CUST0301,PROD030,Perfume 50ml,Beauty,West,In-Store,Cash,1,69.99,0.13,60.89,60.89,36.84,24.05
TXN00479,2023-01-13,CUST0467,PROD016,Yoga Mat,Sports,Central,In-Store,Cash,4,34.99,0.06,32.89,131.56,78.25,53.31
TXN01509,2023-01-14,CUST0274,PROD007,Slim Jeans,Clothing,Central,Online,Debit Card,2,59.99,0.05,56.99,113.98,55.43,58.55
TXN00069,2023-01-14,CUST0476,PROD021,Data Science Handbook,Books,East,Mobile App,Net Banking,2,49.99,0.24,37.99,75.98,35.83,40.15
TXN01921,2023-01-14,CUST0301,PROD007,Slim Jeans,Clothing,South,In-Store,Debit Card,4,59.99,0.13,52.19,208.76,108.26,100.5
TXN01346,2023-01-14,CUST0190,PROD005,USB-C Hub,Electronics,South,In-Store,Cash,5,49.99,0.2,39.99,199.95,90.24,109.71
TXN00859,2023-01-14,CUST0146,PROD002,Wireless Earbuds,Electronics,North,In-Store,UPI,4,89.99,0.17,74.69,298.76,187.46,111.3
TXN01734,2023-01-15,CUST0099,PROD004,"Tablet 10""",Electronics,East,In-Store,Net Banking,1,399.99,0.22,311.99,311.99,189.11,122.88
TXN01574,2023-01-15,CUST0366,PROD003,Smart Watch,Electronics,Central,In-Store,Net Banking,5,249.99,0.06,234.99,1174.95,739.4,435.55
TXN00112,2023-01-15,CUST0024,PROD026,Vitamin C Serum,Beauty,East,Online,UPI,4,34.99,0.04,33.59,134.36,68.51,65.85
TXN01583,2023-01-15,CUST0410,PROD005,USB-C Hub,Electronics,Central,Mobile App,UPI,1,49.99,0.0,49.99,49.99,26.34,23.65
TXN00666,2023-01-15,CUST0242,PROD015,Cutting Board,Home & Kitchen,North,Online,Net Banking,3,19.99,0.14,17.19,51.57,23.73,27.84
TXN00733,2023-01-15,CUST0249,PROD001,"Laptop Pro 15""",Electronics,Central,Online,Credit Card,1,1199.99,0.23,923.99,923.99,448.3,475.69
TXN00775,2023-01-15,CUST0062,PROD017,Dumbbell Set,Sports,East,In-Store,Credit Card,4,79.99,0.23,61.59,246.36,142.63,103.73
TXN01284,2023-01-16,CUST0473,PROD001,"Laptop Pro 15""",Electronics,South,In-Store,Credit Card,4,1199.99,0.19,971.99,3887.96,2221.22,1666.74
TXN00655,2023-01-16,CUST0174,PROD023,Business Analytics,Books,West,Mobile App,Cash,3,44.99,0.02,44.09,132.27,63.47,68.8
TXN00373,2023-01-16,CUST0459,PROD018,Resistance Bands,Sports,East,Online,Net Banking,2,19.99,0.01,19.79,39.58,22.54,17.04
TXN01916,2023-01-16,CUST0301,PROD001,"Laptop Pro 15""",Electronics,North,In-Store,Net Banking,2,1199.99,0.05,1139.99,2279.98,1038.11,1241.87
TXN01459,2023-01-16,CUST0106,PROD009,Winter Coat,Clothing,Central,In-Store,Net Banking,2,149.99,0.08,137.99,275.98,140.36,135.62
TXN01502,2023-01-17,CUST0492,PROD005,USB-C Hub,Electronics,Central,In-Store,Cash,3,49.99,0.0,49.99,149.97,80.6,69.37
TXN00584,2023-01-17,CUST0293,PROD006,Running Jacket,Clothing,West,Mobile App,Net Banking,2,79.99,0.03,77.59,155.18,75.78,79.4
TXN01461,2023-01-17,CUST0350,PROD007,Slim Jeans,Clothing,West,Mobile App,Net Banking,4,59.99,0.18,49.19,196.76,91.29,105.47
TXN01888,2023-01-17,CUST0392,PROD017,Dumbbell Set,Sports,North,Online,Credit Card,3,79.99,0.25,59.99,179.97,93.14,86.83
TXN01195,2023-01-17,CUST0008,PROD014,Knife Set,Home & Kitchen,North,Online,UPI,2,44.99,0.0,44.99,89.98,56.85,33.13
TXN01073,2023-01-18,CUST0044,PROD007,Slim Jeans,Clothing,North,Mobile App,UPI,1,59.99,0.14,51.59,51.59,32.0,19.59
TXN01674,2023-01-18,CUST0330,PROD029,Hair Dryer,Beauty,East,In-Store,Cash,3,59.99,0.1,53.99,161.97,83.47,78.5
TXN01413,2023-01-18,CUST0166,PROD023,Business Analytics,Books,North,Mobile App,UPI,3,44.99,0.14,38.69,116.07,67.51,48.56
TXN00558,2023-01-18,CUST0340,PROD017,Dumbbell Set,Sports,East,In-Store,Net Banking,2,79.99,0.13,69.59,139.18,67.38,71.8
TXN01914,2023-01-18,CUST0371,PROD028,Lipstick Set,Beauty,North,Online,Cash,2,39.99,0.01,39.59,79.18,42.07,37.11
TXN00398,2023-01-18,CUST0258,PROD022,Python Crash Course,Books,Central,Mobile App,Cash,4,39.99,0.07,37.19,148.76,78.69,70.07
TXN01076,2023-01-19,CUST0097,PROD022,Python Crash Course,Books,South,In-Store,Debit Card,1,39.99,0.17,33.19,33.19,15.23,17.96
TXN01435,2023-01-19,CUST0306,PROD014,Knife Set,Home & Kitchen,North,In-Store,Credit Card,1,44.99,0.11,40.04,40.04,20.4,19.64
TXN01764,2023-01-19,CUST0196,PROD025,ML for Beginners,Books,East,Online,Debit Card,5,29.99,0.13,26.09,130.45,63.81,66.64
TXN00660,2023-01-19,CUST0236,PROD006,Running Jacket,Clothing,West,Mobile App,Cash,5,79.99,0.17,66.39,331.95,158.19,173.76
TXN01998,2023-01-19,CUST0398,PROD006,Running Jacket,Clothing,East,Online,Net Banking,3,79.99,0.24,60.79,182.37,110.97,71.4
TXN01605,2023-01-19,CUST0241,PROD005,USB-C Hub,Electronics,West,Online,Credit Card,4,49.99,0.05,47.49,189.96,105.17,84.79
TXN00377,2023-01-20,CUST0047,PROD022,Python Crash Course,Books,North,Online,Cash,4,39.99,0.14,34.39,137.56,66.73,70.83
TXN01801,2023-01-20,CUST0299,PROD001,"Laptop Pro 15""",Electronics,North,Online,Cash,2,1199.99,0.22,935.99,1871.98,965.99,905.99
TXN00236,2023-01-20,CUST0468,PROD005,USB-C Hub,Electronics,South,In-Store,Debit Card,2,49.99,0.13,43.49,86.98,51.72,35.26
TXN01612,2023-01-20,CUST0074,PROD005,USB-C Hub,Electronics,North,Mobile App,Debit Card,2,49.99,0.18,40.99,81.98,42.16,39.82
TXN01113,2023-01-21,CUST0001,PROD029,Hair Dryer,Beauty,North,Mobile App,UPI,2,59.99,0.08,55.19,110.38,50.72,59.66
TXN00220,2023-01-21,CUST0024,PROD012,Coffee Maker,Home & Kitchen,North,Online,UPI,2,69.99,0.15,59.49,118.98,63.09,55.89
TXN00794,2023-01-21,CUST0043,PROD009,Winter Coat,Clothing,East,In-Store,Credit Card,3,149.99,0.18,122.99,368.97,207.15,161.82
TXN01167,2023-01-21,CUST0457,PROD013,Blender Pro,Home & Kitchen,West,Online,Debit Card,3,59.99,0.16,50.39,151.17,96.45,54.72
TXN00153,2023-01-22,CUST0224,PROD025,ML for Beginners,Books,North,In-Store,Credit Card,3,29.99,0.02,29.39,88.17,54.87,33.3
TXN01173,2023-01-22,CUST0318,PROD024,SQL Mastery,Books,North,Mobile App,Debit Card,3,34.99,0.22,27.29,81.87,53.07,28.8
TXN01117,2023-01-22,CUST0301,PROD001,"Laptop Pro 15""",Electronics,South,Online,Net Banking,2,1199.99,0.16,1007.99,2015.98,1149.85,866.13
TXN00208,2023-01-22,CUST0423,PROD030,Perfume 50ml,Beauty,North,Online,Credit Card,5,69.99,0.08,64.39,321.95,204.37,117.58
TXN01552,2023-01-22,CUST0309,PROD020,Jump Rope,Sports,North,Mobile App,Credit Card,5,14.99,0.22,11.69,58.45,34.11,24.34
TXN00162,2023-01-22,CUST0231,PROD024,SQL Mastery,Books,Central,Mobile App,Debit Card,4,34.99,0.15,29.74,118.96,76.24,42.72
TXN00502,2023-01-22,CUST0343,PROD009,Winter Coat,Clothing,South,Mobile App,UPI,2,149.99,0.02,146.99,293.98,154.01,139.97
TXN00038,2023-01-23,CUST0002,PROD011,Air Fryer 5L,Home & Kitchen,East,Online,UPI,1,89.99,0.16,75.59,75.59,46.55,29.04
TXN00915,2023-01-23,CUST0214,PROD009,Winter Coat,Clothing,West,Mobile App,UPI,1,149.99,0.03,145.49,145.49,75.62,69.87
TXN01698,2023-01-23,CUST0448,PROD007,Slim Jeans,Clothing,Central,In-Store,Cash,4,59.99,0.2,47.99,191.96,124.61,67.35
TXN00996,2023-01-23,CUST0123,PROD027,Moisturizer SPF30,Beauty,South,In-Store,Cash,5,29.99,0.02,29.39,146.95,86.66,60.29
TXN01599,2023-01-23,CUST0080,PROD009,Winter Coat,Clothing,South,Mobile App,Debit Card,2,149.99,0.09,136.49,272.98,168.58,104.4
TXN00047,2023-01-23,CUST0363,PROD021,Data Science Handbook,Books,West,Online,Cash,4,49.99,0.22,38.99,155.96,76.11,79.85
TXN00432,2023-01-24,CUST0153,PROD004,"Tablet 10""",Electronics,East,In-Store,Cash,5,399.99,0.15,339.99,1699.95,821.76,878.19
TXN00006,2023-01-24,CUST0339,PROD015,Cutting Board,Home & Kitchen,South,In-Store,Credit Card,3,19.99,0.14,17.19,51.57,30.47,21.1
TXN00969,2023-01-24,CUST0391,PROD015,Cutting Board,Home & Kitchen,Central,Mobile App,Debit Card,4,19.99,0.24,15.19,60.76,30.31,30.45
TXN00724,2023-01-24,CUST0304,PROD022,Python Crash Course,Books,South,In-Store,Credit Card,3,39.99,0.21,31.59,94.77,57.68,37.09
TXN00257,2023-01-25,CUST0126,PROD021,Data Science Handbook,Books,North,In-Store,Net Banking,4,49.99,0.15,42.49,169.96,100.39,69.57
TXN00914,2023-01-25,CUST0480,PROD016,Yoga Mat,Sports,East,In-Store,Debit Card,2,34.99,0.04,33.59,67.18,38.15,29.03
TXN00869,2023-01-25,CUST0283,PROD008,Casual T-Shirt,Clothing,North,Online,Cash,2,24.99,0.13,21.74,43.48,22.14,21.34
TXN00758,2023-01-25,CUST0076,PROD009,Winter Coat,Clothing,East,In-Store,Net Banking,3,149.99,0.24,113.99,341.97,206.53,135.44
TXN00118,2023-01-26,CUST0467,PROD011,Air Fryer 5L,Home & Kitchen,Central,Mobile App,Net Banking,5,89.99,0.22,70.19,350.95,212.56,138.39
TXN00842,2023-01-26,CUST0206,PROD004,"Tablet 10""",Electronics,Central,In-Store,Cash,2,399.99,0.07,371.99,743.98,461.54,282.44
TXN01884,2023-01-26,CUST0261,PROD010,Sneakers,Clothing,Central,Mobile App,Credit Card,2,99.99,0.2,79.99,159.98,79.69,80.29
TXN00233,2023-01-26,CUST0343,PROD006,Running Jacket,Clothing,Central,Online,Debit Card,5,79.99,0.19,64.79,323.95,161.28,162.67
TXN01220,2023-01-26,CUST0411,PROD029,Hair Dryer,Beauty,West,In-Store,Credit Card,3,59.99,0.2,47.99,143.97,70.49,73.48
TXN00567,2023-01-26,CUST0497,PROD015,Cutting Board,Home & Kitchen,Central,Online,Debit Card,4,19.99,0.05,18.99,75.96,34.48,41.48
TXN01855,2023-01-26,CUST0130,PROD027,Moisturizer SPF30,Beauty,North,In-Store,Net Banking,4,29.99,0.12,26.39,105.56,53.28,52.28
TXN00368,2023-01-26,CUST0087,PROD006,Running Jacket,Clothing,Central,In-Store,Net Banking,3,79.99,0.03,77.59,232.77,148.61,84.16
TXN01004,2023-01-27,CUST0307,PROD030,Perfume 50ml,Beauty,North,Online,Net Banking,1,69.99,0.1,62.99,62.99,32.23,30.76
TXN00837,2023-01-27,CUST0329,PROD030,Perfume 50ml,Beauty,South,Mobile App,Net Banking,3,69.99,0.11,62.29,186.87,85.11,101.76
TXN01687,2023-01-28,CUST0332,PROD027,Moisturizer SPF30,Beauty,South,Mobile App,UPI,5,29.99,0.2,23.99,119.95,62.64,57.31
TXN00541,2023-01-28,CUST0270,PROD023,Business Analytics,Books,West,In-Store,Cash,4,44.99,0.06,42.29,169.16,95.63,73.53
TXN00339,2023-01-28,CUST0402,PROD025,ML for Beginners,Books,South,In-Store,Net Banking,2,29.99,0.19,24.29,48.58,24.73,23.85
TXN00631,2023-01-28,CUST0354,PROD014,Knife Set,Home & Kitchen,Central,Online,Net Banking,2,44.99,0.11,40.04,80.08,45.86,34.22
TXN01419,2023-01-28,CUST0497,PROD010,Sneakers,Clothing,North,In-Store,Debit Card,2,99.99,0.03,96.99,193.98,100.22,93.76
TXN00832,2023-01-28,CUST0354,PROD030,Perfume 50ml,Beauty,South,In-Store,Cash,1,69.99,0.21,55.29,55.29,32.2,23.09
TXN00284,2023-01-28,CUST0051,PROD027,Moisturizer SPF30,Beauty,West,Online,Credit Card,1,29.99,0.13,26.09,26.09,16.82,9.27
TXN01157,2023-01-29,CUST0113,PROD024,SQL Mastery,Books,West,Online,Cash,2,34.99,0.19,28.34,56.68,30.04,26.64
TXN00009,2023-01-29,CUST0118,PROD030,Perfume 50ml,Beauty,North,In-Store,Net Banking,2,69.99,0.17,58.09,116.18,71.87,44.31
TXN00767,2023-01-29,CUST0466,PROD009,Winter Coat,Clothing,East,In-Store,Debit Card,3,149.99,0.15,127.49,382.47,211.24,171.23
TXN00249,2023-01-29,CUST0233,PROD030,Perfume 50ml,Beauty,South,Mobile App,Net Banking,4,69.99,0.02,68.59,274.36,151.47,122.89
TXN01910,2023-01-30,CUST0437,PROD026,Vitamin C Serum,Beauty,East,Online,Debit Card,3,34.99,0.01,34.64,103.92,61.04,42.88
TXN00029,2023-01-30,CUST0297,PROD030,Perfume 50ml,Beauty,Central,Online,UPI,4,69.99,0.04,67.19,268.76,136.89,131.87
TXN01312,2023-01-30,CUST0414,PROD015,Cutting Board,Home & Kitchen,North,Mobile App,Net Banking,4,19.99,0.22,15.59,62.36,37.82,24.54
TXN00193,2023-01-30,CUST0039,PROD003,Smart Watch,Electronics,West,In-Store,Cash,5,249.99,0.25,187.49,937.45,473.33,464.12
TXN01294,2023-01-31,CUST0072,PROD003,Smart Watch,Electronics,South,Mobile App,UPI,4,249.99,0.07,232.49,929.96,480.7,449.26
TXN00787,2023-01-31,CUST0241,PROD006,Running Jacket,Clothing,North,In-Store,Credit Card,1,79.99,0.2,63.99,63.99,35.37,28.62
TXN00323,2023-01-31,CUST0142,PROD021,Data Science Handbook,Books,South,Mobile App,Debit Card,2,49.99,0.24,37.99,75.98,46.13,29.85
TXN00274,2023-01-31,CUST0317,PROD002,Wireless Earbuds,Electronics,Central,In-Store,Net Banking,1,89.99,0.05,85.49,85.49,46.27,39.22
TXN00708,2023-02-01,CUST0196,PROD028,Lipstick Set,Beauty,West,In-Store,Credit Card,3,39.99,0.04,38.39,115.17,53.53,61.64
TXN00677,2023-02-01,CUST0047,PROD005,USB-C Hub,Electronics,South,Online,Cash,4,49.99,0.08,45.99,183.96,106.51,77.45
TXN01650,2023-02-01,CUST0033,PROD021,Data Science Handbook,Books,West,In-Store,Credit Card,3,49.99,0.07,46.49,139.47,67.26,72.21
TXN01402,2023-02-01,CUST0034,PROD021,Data Science Handbook,Books,South,Mobile App,Debit Card,4,49.99,0.1,44.99,179.96,105.01,74.95
TXN00897,2023-02-01,CUST0202,PROD013,Blender Pro,Home & Kitchen,North,Mobile App,Debit Card,4,59.99,0.25,44.99,179.96,86.9,93.06
TXN00485,2023-02-02,CUST0388,PROD026,Vitamin C Serum,Beauty,Central,Online,Credit Card,5,34.99,0.0,34.99,174.95,103.93,71.02
TXN01283,2023-02-02,CUST0032,PROD002,Wireless Earbuds,Electronics,Central,In-Store,Credit Card,4,89.99,0.19,72.89,291.56,155.7,135.86
TXN00309,2023-02-02,CUST0296,PROD002,Wireless Earbuds,Electronics,North,Mobile App,Debit Card,2,89.99,0.07,83.69,167.38,98.88,68.5
TXN00060,2023-02-02,CUST0213,PROD007,Slim Jeans,Clothing,West,In-Store,Cash,4,59.99,0.17,49.79,199.16,117.76,81.4
TXN01817,2023-02-02,CUST0243,PROD011,Air Fryer 5L,Home & Kitchen,West,In-Store,Cash,4,89.99,0.15,76.49,305.96,196.74,109.22
TXN00125,2023-02-02,CUST0326,PROD025,ML for Beginners,Books,West,Mobile App,UPI,3,29.99,0.23,23.09,69.27,34.24,35.03
TXN01214,2023-02-02,CUST0231,PROD017,Dumbbell Set,Sports,South,Online,Cash,5,79.99,0.09,72.79,363.95,229.14,134.81
TXN01803,2023-02-03,CUST0237,PROD025,ML for Beginners,Books,Central,In-Store,Debit Card,1,29.99,0.21,23.69,23.69,12.01,11.68
TXN00202,2023-02-03,CUST0159,PROD014,Knife Set,Home & Kitchen,West,Mobile App,Net Banking,5,44.99,0.03,43.64,218.2,136.78,81.42
TXN00927,2023-02-03,CUST0248,PROD003,Smart Watch,Electronics,North,In-Store,Debit Card,1,249.99,0.08,229.99,229.99,128.94,101.05
TXN01902,2023-02-03,CUST0073,PROD021,Data Science Handbook,Books,West,Mobile App,UPI,4,49.99,0.07,46.49,185.96,89.44,96.52
TXN00951,2023-02-03,CUST0401,PROD001,"Laptop Pro 15""",Electronics,South,Online,Net Banking,4,1199.99,0.08,1103.99,4415.96,2735.86,1680.1
TXN01956,2023-02-04,CUST0394,PROD016,Yoga Mat,Sports,East,Online,Net Banking,2,34.99,0.14,30.09,60.18,38.3,21.88
TXN01606,2023-02-04,CUST0124,PROD006,Running Jacket,Clothing,West,Mobile App,UPI,4,79.99,0.05,75.99,303.96,183.14,120.82
TXN01711,2023-02-04,CUST0130,PROD002,Wireless Earbuds,Electronics,West,Online,Net Banking,2,89.99,0.21,71.09,142.18,83.33,58.85
TXN01785,2023-02-04,CUST0496,PROD021,Data Science Handbook,Books,South,In-Store,UPI,5,49.99,0.18,40.99,204.95,115.44,89.51
TXN00955,2023-02-04,CUST0304,PROD015,Cutting Board,Home & Kitchen,South,Mobile App,Debit Card,2,19.99,0.03,19.39,38.78,17.55,21.23
TXN00713,2023-02-05,CUST0277,PROD019,Water Bottle,Sports,South,Online,Net Banking,4,24.99,0.21,19.74,78.96,47.86,31.1
TXN00353,2023-02-05,CUST0450,PROD007,Slim Jeans,Clothing,West,In-Store,UPI,5,59.99,0.25,44.99,224.95,144.15,80.8
TXN00991,2023-02-05,CUST0200,PROD006,Running Jacket,Clothing,South,Online,Debit Card,2,79.99,0.13,69.59,139.18,75.94,63.24
TXN01323,2023-02-06,CUST0329,PROD015,Cutting Board,Home & Kitchen,West,In-Store,Debit Card,3,19.99,0.21,15.79,47.37,27.77,19.6
TXN01746,2023-02-06,CUST0130,PROD024,SQL Mastery,Books,North,In-Store,Cash,5,34.99,0.09,31.84,159.2,79.75,79.45
TXN01546,2023-02-06,CUST0451,PROD011,Air Fryer 5L,Home & Kitchen,East,In-Store,Credit Card,5,89.99,0.19,72.89,364.45,197.12,167.33
TXN00091,2023-02-06,CUST0031,PROD022,Python Crash Course,Books,South,In-Store,Cash,2,39.99,0.23,30.79,61.58,37.89,23.69
TXN01709,2023-02-06,CUST0356,PROD026,Vitamin C Serum,Beauty,East,Online,Net Banking,5,34.99,0.2,27.99,139.95,76.84,63.11
TXN00570,2023-02-06,CUST0279,PROD011,Air Fryer 5L,Home & Kitchen,West,Online,Debit Card,2,89.99,0.01,89.09,178.18,107.82,70.36
TXN01205,2023-02-07,CUST0250,PROD009,Winter Coat,Clothing,North,Online,Net Banking,1,149.99,0.12,131.99,131.99,59.98,72.01
TXN01922,2023-02-07,CUST0123,PROD007,Slim Jeans,Clothing,West,In-Store,UPI,2,59.99,0.15,50.99,101.98,56.21,45.77
TXN00054,2023-02-07,CUST0234,PROD006,Running Jacket,Clothing,West,Mobile App,Cash,1,79.99,0.06,75.19,75.19,40.98,34.21
TXN00034,2023-02-07,CUST0276,PROD004,"Tablet 10""",Electronics,South,Mobile App,UPI,5,399.99,0.25,299.99,1499.95,973.8,526.15
TXN01807,2023-02-07,CUST0145,PROD002,Wireless Earbuds,Electronics,East,Mobile App,UPI,1,89.99,0.25,67.49,67.49,32.07,35.42
TXN00109,2023-02-08,CUST0241,PROD027,Moisturizer SPF30,Beauty,East,In-Store,Cash,4,29.99,0.22,23.39,93.56,60.25,33.31
TXN00815,2023-02-08,CUST0431,PROD014,Knife Set,Home & Kitchen,Central,Online,UPI,2,44.99,0.12,39.59,79.18,49.05,30.13
TXN00367,2023-02-08,CUST0012,PROD026,Vitamin C Serum,Beauty,North,Online,Net Banking,5,34.99,0.15,29.74,148.7,94.2,54.5
TXN00026,2023-02-08,CUST0227,PROD017,Dumbbell Set,Sports,Central,Online,Credit Card,4,79.99,0.05,75.99,303.96,164.91,139.05
TXN01503,2023-02-08,CUST0290,PROD018,Resistance Bands,Sports,North,Mobile App,Credit Card,5,19.99,0.08,18.39,91.95,42.61,49.34
TXN00707,2023-02-08,CUST0328,PROD027,Moisturizer SPF30,Beauty,West,In-Store,Net Banking,3,29.99,0.07,27.89,83.67,48.7,34.97
TXN00359,2023-02-08,CUST0304,PROD021,Data Science Handbook,Books,Central,Online,Net Banking,5,49.99,0.03,48.49,242.45,148.86,93.59
TXN01837,2023-02-08,CUST0500,PROD017,Dumbbell Set,Sports,Central,In-Store,Credit Card,3,79.99,0.08,73.59,220.77,117.54,103.23
TXN01825,2023-02-09,CUST0080,PROD013,Blender Pro,Home & Kitchen,North,Online,Debit Card,5,59.99,0.17,49.79,248.95,143.84,105.11
TXN01377,2023-02-09,CUST0193,PROD025,ML for Beginners,Books,South,Online,Debit Card,1,29.99,0.23,23.09,23.09,12.36,10.73
TXN01386,2023-02-09,CUST0304,PROD018,Resistance Bands,Sports,South,Online,Debit Card,5,19.99,0.14,17.19,85.95,50.01,35.94
TXN01721,2023-02-09,CUST0102,PROD023,Business Analytics,Books,West,In-Store,Debit Card,4,44.99,0.03,43.64,174.56,83.96,90.6
TXN00786,2023-02-09,CUST0010,PROD006,Running Jacket,Clothing,West,In-Store,Credit Card,4,79.99,0.17,66.39,265.56,161.14,104.42
TXN01183,2023-02-09,CUST0371,PROD016,Yoga Mat,Sports,Central,Mobile App,Debit Card,5,34.99,0.2,27.99,139.95,79.69,60.26
TXN01002,2023-02-09,CUST0344,PROD008,Casual T-Shirt,Clothing,North,Mobile App,UPI,1,24.99,0.13,21.74,21.74,11.48,10.26
TXN00753,2023-02-09,CUST0056,PROD001,"Laptop Pro 15""",Electronics,South,In-Store,Credit Card,4,1199.99,0.22,935.99,3743.96,1900.71,1843.25
TXN00598,2023-02-10,CUST0400,PROD028,Lipstick Set,Beauty,North,In-Store,UPI,1,39.99,0.18,32.79,32.79,18.53,14.26
TXN01447,2023-02-10,CUST0324,PROD014,Knife Set,Home & Kitchen,West,Mobile App,UPI,1,44.99,0.17,37.34,37.34,21.07,16.27
TXN01988,2023-02-10,CUST0351,PROD025,ML for Beginners,Books,East,Online,Cash,1,29.99,0.09,27.29,27.29,13.18,14.11
TXN01224,2023-02-10,CUST0285,PROD018,Resistance Bands,Sports,East,In-Store,Cash,3,19.99,0.08,18.39,55.17,28.64,26.53
TXN00624,2023-02-10,CUST0353,PROD010,Sneakers,Clothing,West,Online,Cash,2,99.99,0.06,93.99,187.98,85.57,102.41
TXN00555,2023-02-10,CUST0108,PROD007,Slim Jeans,Clothing,South,In-Store,Credit Card,3,59.99,0.24,45.59,136.77,80.71,56.06
TXN00868,2023-02-10,CUST0465,PROD020,Jump Rope,Sports,West,In-Store,Debit Card,5,14.99,0.02,14.69,73.45,39.93,33.52
TXN01296,2023-02-11,CUST0455,PROD011,Air Fryer 5L,Home & Kitchen,Central,In-Store,Debit Card,4,89.99,0.15,76.49,305.96,175.16,130.8
TXN01456,2023-02-11,CUST0307,PROD022,Python Crash Course,Books,Central,Mobile App,Net Banking,2,39.99,0.15,33.99,67.98,37.43,30.55
TXN01180,2023-02-11,CUST0153,PROD027,Moisturizer SPF30,Beauty,West,In-Store,Cash,1,29.99,0.04,28.79,28.79,14.53,14.26
TXN01644,2023-02-11,CUST0096,PROD021,Data Science Handbook,Books,North,Mobile App,Credit Card,1,49.99,0.18,40.99,40.99,20.08,20.91
TXN00715,2023-02-11,CUST0431,PROD026,Vitamin C Serum,Beauty,West,In-Store,Debit Card,3,34.99,0.13,30.44,91.32,58.64,32.68
TXN00835,2023-02-11,CUST0422,PROD028,Lipstick Set,Beauty,West,In-Store,Net Banking,4,39.99,0.2,31.99,127.96,64.6,63.36
TXN01634,2023-02-12,CUST0182,PROD028,Lipstick Set,Beauty,Central,In-Store,Credit Card,3,39.99,0.18,32.79,98.37,62.93,35.44
TXN01428,2023-02-12,CUST0178,PROD009,Winter Coat,Clothing,North,Mobile App,Net Banking,5,149.99,0.21,118.49,592.45,321.69,270.76
TXN01626,2023-02-13,CUST0011,PROD025,ML for Beginners,Books,North,Online,UPI,1,29.99,0.17,24.89,24.89,15.12,9.77
TXN00396,2023-02-13,CUST0343,PROD021,Data Science Handbook,Books,East,Mobile App,Net Banking,2,49.99,0.19,40.49,80.98,47.25,33.73
TXN00894,2023-02-13,CUST0137,PROD002,Wireless Earbuds,Electronics,East,Mobile App,Net Banking,4,89.99,0.09,81.89,327.56,180.49,147.07
TXN00797,2023-02-13,CUST0062,PROD026,Vitamin C Serum,Beauty,South,In-Store,Net Banking,4,34.99,0.11,31.14,124.56,72.46,52.1
TXN00304,2023-02-13,CUST0060,PROD004,"Tablet 10""",Electronics,South,In-Store,UPI,1,399.99,0.07,371.99,371.99,235.88,136.11
TXN01405,2023-02-14,CUST0096,PROD024,SQL Mastery,Books,East,Mobile App,Credit Card,1,34.99,0.03,33.94,33.94,15.89,18.05
TXN01828,2023-02-14,CUST0033,PROD023,Business Analytics,Books,South,Online,UPI,1,44.99,0.23,34.64,34.64,19.89,14.75
TXN01642,2023-02-14,CUST0443,PROD008,Casual T-Shirt,Clothing,North,Online,Credit Card,1,24.99,0.04,23.99,23.99,14.64,9.35
TXN00074,2023-02-14,CUST0143,PROD030,Perfume 50ml,Beauty,West,Online,Net Banking,3,69.99,0.08,64.39,193.17,96.41,96.76
TXN00617,2023-02-14,CUST0374,PROD007,Slim Jeans,Clothing,West,Mobile App,Cash,3,59.99,0.22,46.79,140.37,81.61,58.76
TXN00729,2023-02-15,CUST0322,PROD026,Vitamin C Serum,Beauty,East,In-Store,Net Banking,5,34.99,0.05,33.24,166.2,91.41,74.79
TXN01498,2023-02-15,CUST0225,PROD007,Slim Jeans,Clothing,South,In-Store,Cash,5,59.99,0.07,55.79,278.95,136.69,142.26
TXN00429,2023-02-15,CUST0067,PROD007,Slim Jeans,Clothing,Central,In-Store,Net Banking,5,59.99,0.19,48.59,242.95,133.12,109.83
TXN00605,2023-02-15,CUST0058,PROD003,Smart Watch,Electronics,West,In-Store,UPI,4,249.99,0.08,229.99,919.96,584.02,335.94
TXN01033,2023-02-15,CUST0056,PROD023,Business Analytics,Books,Central,In-Store,Debit Card,4,44.99,0.19,36.44,145.76,92.54,53.22
TXN00994,2023-02-16,CUST0148,PROD024,SQL Mastery,Books,West,In-Store,UPI,4,34.99,0.12,30.79,123.16,56.38,66.78
TXN01411,2023-02-16,CUST0263,PROD030,Perfume 50ml,Beauty,South,In-Store,Debit Card,5,69.99,0.21,55.29,276.45,168.32,108.13
TXN00530,2023-02-16,CUST0282,PROD010,Sneakers,Clothing,East,Mobile App,Cash,1,99.99,0.18,81.99,81.99,38.02,43.97
TXN01955,2023-02-17,CUST0382,PROD017,Dumbbell Set,Sports,West,Mobile App,Net Banking,5,79.99,0.03,77.59,387.95,176.09,211.86
TXN00264,2023-02-17,CUST0275,PROD008,Casual T-Shirt,Clothing,South,Online,UPI,1,24.99,0.23,19.24,19.24,11.92,7.32
TXN01210,2023-02-17,CUST0179,PROD002,Wireless Earbuds,Electronics,Central,Mobile App,UPI,3,89.99,0.07,83.69,251.07,122.99,128.08
TXN01426,2023-02-17,CUST0174,PROD009,Winter Coat,Clothing,West,Mobile App,Debit Card,2,149.99,0.01,148.49,296.98,151.57,145.41
TXN01799,2023-02-17,CUST0479,PROD001,"Laptop Pro 15""",Electronics,South,Online,Credit Card,2,1199.99,0.14,1031.99,2063.98,1132.15,931.83
TXN01676,2023-02-17,CUST0387,PROD006,Running Jacket,Clothing,East,In-Store,UPI,5,79.99,0.04,76.79,383.95,227.59,156.36
TXN01842,2023-02-17,CUST0337,PROD004,"Tablet 10""",Electronics,East,In-Store,Credit Card,1,399.99,0.08,367.99,367.99,230.21,137.78
TXN00389,2023-02-17,CUST0174,PROD012,Coffee Maker,Home & Kitchen,Central,Mobile App,Net Banking,4,69.99,0.04,67.19,268.76,124.97,143.79
TXN01090,2023-02-17,CUST0085,PROD011,Air Fryer 5L,Home & Kitchen,Central,Online,Credit Card,1,89.99,0.02,88.19,88.19,43.92,44.27
TXN01827,2023-02-17,CUST0181,PROD004,"Tablet 10""",Electronics,South,In-Store,Debit Card,5,399.99,0.07,371.99,1859.95,867.95,992.0
TXN00325,2023-02-17,CUST0207,PROD028,Lipstick Set,Beauty,Central,Mobile App,UPI,4,39.99,0.09,36.39,145.56,67.7,77.86
TXN00101,2023-02-17,CUST0116,PROD007,Slim Jeans,Clothing,North,In-Store,Credit Card,3,59.99,0.14,51.59,154.77,86.74,68.03
TXN01885,2023-02-17,CUST0133,PROD010,Sneakers,Clothing,East,In-Store,Cash,5,99.99,0.02,97.99,489.95,271.93,218.02
TXN00730,2023-02-18,CUST0317,PROD005,USB-C Hub,Electronics,East,Mobile App,Cash,2,49.99,0.05,47.49,94.98,61.48,33.5
TXN00848,2023-02-18,CUST0286,PROD029,Hair Dryer,Beauty,North,Online,UPI,4,59.99,0.18,49.19,196.76,98.62,98.14
TXN01963,2023-02-18,CUST0221,PROD009,Winter Coat,Clothing,East,In-Store,Credit Card,3,149.99,0.13,130.49,391.47,252.35,139.12
TXN01750,2023-02-19,CUST0474,PROD011,Air Fryer 5L,Home & Kitchen,West,Online,Credit Card,5,89.99,0.13,78.29,391.45,186.13,205.32
TXN00305,2023-02-19,CUST0225,PROD014,Knife Set,Home & Kitchen,West,In-Store,Credit Card,2,44.99,0.13,39.14,78.28,40.68,37.6
TXN00219,2023-02-19,CUST0202,PROD023,Business Analytics,Books,East,In-Store,Cash,5,44.99,0.17,37.34,186.7,88.45,98.25
TXN01873,2023-02-19,CUST0322,PROD014,Knife Set,Home & Kitchen,Central,Online,UPI,5,44.99,0.17,37.34,186.7,85.02,101.68
TXN00948,2023-02-19,CUST0015,PROD007,Slim Jeans,Clothing,West,In-Store,Credit Card,3,59.99,0.08,55.19,165.57,95.24,70.33
TXN00790,2023-02-20,CUST0420,PROD010,Sneakers,Clothing,Central,Online,Cash,5,99.99,0.06,93.99,469.95,265.07,204.88
TXN01480,2023-02-20,CUST0275,PROD007,Slim Jeans,Clothing,North,In-Store,Credit Card,5,59.99,0.19,48.59,242.95,132.52,110.43
TXN00129,2023-02-20,CUST0352,PROD009,Winter Coat,Clothing,East,Mobile App,UPI,4,149.99,0.24,113.99,455.96,283.19,172.77
TXN00923,2023-02-20,CUST0278,PROD005,USB-C Hub,Electronics,South,In-Store,Debit Card,3,49.99,0.1,44.99,134.97,63.19,71.78
TXN01550,2023-02-21,CUST0366,PROD014,Knife Set,Home & Kitchen,West,Online,Cash,3,44.99,0.25,33.74,101.22,47.23,53.99
TXN01042,2023-02-21,CUST0002,PROD020,Jump Rope,Sports,West,Mobile App,Net Banking,1,14.99,0.24,11.39,11.39,7.11,4.28
TXN00170,2023-02-21,CUST0260,PROD007,Slim Jeans,Clothing,Central,Mobile App,Cash,2,59.99,0.04,57.59,115.18,58.64,56.54
TXN01241,2023-02-21,CUST0142,PROD001,"Laptop Pro 15""",Electronics,South,Mobile App,Net Banking,5,1199.99,0.07,1115.99,5579.95,2584.46,2995.49
TXN01516,2023-02-21,CUST0182,PROD016,Yoga Mat,Sports,East,In-Store,Credit Card,1,34.99,0.1,31.49,31.49,16.82,14.67
TXN01414,2023-02-21,CUST0096,PROD002,Wireless Earbuds,Electronics,East,In-Store,Debit Card,4,89.99,0.12,79.19,316.76,163.87,152.89
TXN01481,2023-02-21,CUST0278,PROD009,Winter Coat,Clothing,Central,Online,Cash,1,149.99,0.11,133.49,133.49,72.78,60.71
TXN01927,2023-02-21,CUST0488,PROD029,Hair Dryer,Beauty,South,Online,UPI,1,59.99,0.08,55.19,55.19,33.06,22.13
TXN00374,2023-02-21,CUST0127,PROD023,Business Analytics,Books,South,In-Store,Cash,5,44.99,0.25,33.74,168.7,108.78,59.92
TXN00083,2023-02-22,CUST0447,PROD023,Business Analytics,Books,North,Mobile App,UPI,2,44.99,0.16,37.79,75.58,45.39,30.19
TXN00004,2023-02-22,CUST0048,PROD013,Blender Pro,Home & Kitchen,West,Online,UPI,2,59.99,0.05,56.99,113.98,68.7,45.28
TXN01010,2023-02-22,CUST0365,PROD009,Winter Coat,Clothing,Central,Mobile App,Debit Card,3,149.99,0.19,121.49,364.47,200.43,164.04
TXN01063,2023-02-22,CUST0348,PROD027,Moisturizer SPF30,Beauty,South,In-Store,Net Banking,1,29.99,0.09,27.29,27.29,16.95,10.34
TXN00446,2023-02-23,CUST0214,PROD002,Wireless Earbuds,Electronics,Central,In-Store,Cash,1,89.99,0.25,67.49,67.49,41.77,25.72
TXN00096,2023-02-23,CUST0440,PROD004,"Tablet 10""",Electronics,South,In-Store,Net Banking,3,399.99,0.1,359.99,1079.97,555.33,524.64
TXN01226,2023-02-23,CUST0166,PROD001,"Laptop Pro 15""",Electronics,West,Online,Debit Card,2,1199.99,0.01,1187.99,2375.98,1074.13,1301.85
TXN01191,2023-02-23,CUST0046,PROD030,Perfume 50ml,Beauty,North,Mobile App,Net Banking,1,69.99,0.25,52.49,52.49,32.08,20.41
TXN01843,2023-02-24,CUST0457,PROD006,Running Jacket,Clothing,West,Online,Net Banking,1,79.99,0.24,60.79,60.79,34.51,26.28
TXN01861,2023-02-24,CUST0124,PROD014,Knife Set,Home & Kitchen,East,In-Store,Debit Card,1,44.99,0.02,44.09,44.09,28.28,15.81
TXN00276,2023-02-24,CUST0471,PROD005,USB-C Hub,Electronics,North,Mobile App,Debit Card,4,49.99,0.2,39.99,159.96,101.09,58.87
TXN00672,2023-02-24,CUST0167,PROD025,ML for Beginners,Books,Central,Mobile App,Credit Card,2,29.99,0.13,26.09,52.18,27.71,24.47
TXN00293,2023-02-24,CUST0070,PROD012,Coffee Maker,Home & Kitchen,East,Online,Net Banking,4,69.99,0.15,59.49,237.96,116.39,121.57
TXN01708,2023-02-24,CUST0116,PROD010,Sneakers,Clothing,West,Online,Debit Card,3,99.99,0.19,80.99,242.97,142.76,100.21
TXN01604,2023-02-25,CUST0390,PROD015,Cutting Board,Home & Kitchen,North,In-Store,Debit Card,3,19.99,0.07,18.59,55.77,31.46,24.31
TXN00025,2023-02-25,CUST0128,PROD026,Vitamin C Serum,Beauty,South,Online,Cash,1,34.99,0.1,31.49,31.49,16.31,15.18
TXN01371,2023-02-25,CUST0232,PROD004,"Tablet 10""",Electronics,South,Mobile App,Credit Card,4,399.99,0.24,303.99,1215.96,732.66,483.3
TXN00306,2023-02-25,CUST0347,PROD011,Air Fryer 5L,Home & Kitchen,South,Mobile App,Debit Card,1,89.99,0.01,89.09,89.09,46.2,42.89
TXN00941,2023-02-26,CUST0446,PROD006,Running Jacket,Clothing,East,Mobile App,Cash,2,79.99,0.25,59.99,119.98,69.31,50.67
TXN01036,2023-02-26,CUST0231,PROD027,Moisturizer SPF30,Beauty,Central,Online,Debit Card,2,29.99,0.12,26.39,52.78,29.06,23.72
TXN01347,2023-02-26,CUST0367,PROD019,Water Bottle,Sports,North,In-Store,Net Banking,5,24.99,0.03,24.24,121.2,65.54,55.66
TXN01112,2023-02-26,CUST0138,PROD016,Yoga Mat,Sports,East,In-Store,UPI,5,34.99,0.11,31.14,155.7,71.67,84.03
TXN01322,2023-02-27,CUST0262,PROD022,Python Crash Course,Books,North,Online,Debit Card,3,39.99,0.03,38.79,116.37,64.16,52.21
TXN00830,2023-02-27,CUST0163,PROD015,Cutting Board,Home & Kitchen,Central,In-Store,Net Banking,1,19.99,0.12,17.59,17.59,9.23,8.36
TXN01482,2023-02-27,CUST0369,PROD018,Resistance Bands,Sports,West,Mobile App,Debit Card,5,19.99,0.0,19.99,99.95,53.57,46.38
TXN01096,2023-02-27,CUST0174,PROD004,"Tablet 10""",Electronics,South,Mobile App,Credit Card,4,399.99,0.09,363.99,1455.96,763.88,692.08
TXN00039,2023-02-27,CUST0039,PROD009,Winter Coat,Clothing,South,Mobile App,Credit Card,5,149.99,0.18,122.99,614.95,345.71,269.24
TXN00634,2023-02-28,CUST0362,PROD013,Blender Pro,Home & Kitchen,West,Mobile App,UPI,2,59.99,0.18,49.19,98.38,46.7,51.68
TXN01193,2023-02-28,CUST0101,PROD017,Dumbbell Set,Sports,West,Online,UPI,2,79.99,0.19,64.79,129.58,72.61,56.97
TXN01839,2023-02-28,CUST0049,PROD010,Sneakers,Clothing,East,In-Store,UPI,5,99.99,0.15,84.99,424.95,199.74,225.21
TXN01378,2023-02-28,CUST0020,PROD021,Data Science Handbook,Books,West,In-Store,Debit Card,2,49.99,0.05,47.49,94.98,59.26,35.72
TXN00122,2023-02-28,CUST0240,PROD014,Knife Set,Home & Kitchen,North,Online,Debit Card,3,44.99,0.19,36.44,109.32,56.6,52.72
TXN01849,2023-02-28,CUST0208,PROD004,"Tablet 10""",Electronics,Central,Online,UPI,3,399.99,0.16,335.99,1007.97,553.92,454.05
TXN01330,2023-03-01,CUST0355,PROD012,Coffee Maker,Home & Kitchen,South,In-Store,Net Banking,3,69.99,0.06,65.79,197.37,101.24,96.13
TXN00783,2023-03-01,CUST0420,PROD025,ML for Beginners,Books,South,Online,Net Banking,1,29.99,0.1,26.99,26.99,17.09,9.9
TXN01723,2023-03-01,CUST0052,PROD017,Dumbbell Set,Sports,South,Online,Debit Card,4,79.99,0.2,63.99,255.96,163.71,92.25
TXN01430,2023-03-01,CUST0310,PROD016,Yoga Mat,Sports,West,Mobile App,UPI,3,34.99,0.11,31.14,93.42,55.9,37.52
TXN01588,2023-03-01,CUST0343,PROD014,Knife Set,Home & Kitchen,Central,Online,UPI,5,44.99,0.21,35.54,177.7,107.83,69.87
TXN00197,2023-03-02,CUST0135,PROD002,Wireless Earbuds,Electronics,East,Mobile App,Net Banking,4,89.99,0.13,78.29,313.16,198.14,115.02
TXN01870,2023-03-02,CUST0048,PROD017,Dumbbell Set,Sports,East,Mobile App,Cash,1,79.99,0.09,72.79,72.79,36.2,36.59
TXN01850,2023-03-03,CUST0496,PROD027,Moisturizer SPF30,Beauty,South,Online,Credit Card,5,29.99,0.05,28.49,142.45,82.36,60.09
TXN01586,2023-03-03,CUST0414,PROD021,Data Science Handbook,Books,East,In-Store,Credit Card,5,49.99,0.22,38.99,194.95,118.67,76.28
TXN01474,2023-03-03,CUST0333,PROD012,Coffee Maker,Home & Kitchen,South,In-Store,Net Banking,2,69.99,0.04,67.19,134.38,76.83,57.55
TXN00827,2023-03-03,CUST0268,PROD017,Dumbbell Set,Sports,Central,Mobile App,UPI,2,79.99,0.03,77.59,155.18,92.63,62.55
TXN01826,2023-03-04,CUST0257,PROD003,Smart Watch,Electronics,Central,In-Store,Cash,2,249.99,0.03,242.49,484.98,262.01,222.97
TXN01271,2023-03-04,CUST0154,PROD016,Yoga Mat,Sports,West,In-Store,Debit Card,5,34.99,0.11,31.14,155.7,71.8,83.9
TXN00056,2023-03-04,CUST0234,PROD010,Sneakers,Clothing,South,In-Store,Cash,4,99.99,0.01,98.99,395.96,197.92,198.04
TXN01749,2023-03-04,CUST0186,PROD019,Water Bottle,Sports,North,Online,Credit Card,4,24.99,0.08,22.99,91.96,43.95,48.01
TXN01513,2023-03-05,CUST0048,PROD017,Dumbbell Set,Sports,South,Mobile App,Cash,2,79.99,0.19,64.79,129.58,73.61,55.97
TXN01932,2023-03-05,CUST0028,PROD002,Wireless Earbuds,Electronics,North,Mobile App,UPI,2,89.99,0.16,75.59,151.18,86.61,64.57
TXN01083,2023-03-05,CUST0090,PROD004,"Tablet 10""",Electronics,Central,Mobile App,UPI,2,399.99,0.09,363.99,727.98,342.88,385.1
TXN01013,2023-03-05,CUST0159,PROD025,ML for Beginners,Books,South,Mobile App,Net Banking,1,29.99,0.06,28.19,28.19,16.16,12.03
TXN00189,2023-03-05,CUST0410,PROD013,Blender Pro,Home & Kitchen,East,In-Store,Net Banking,1,59.99,0.22,46.79,46.79,24.16,22.63
TXN00411,2023-03-05,CUST0349,PROD013,Blender Pro,Home & Kitchen,North,Online,UPI,4,59.99,0.13,52.19,208.76,120.47,88.29
TXN00488,2023-03-05,CUST0022,PROD013,Blender Pro,Home & Kitchen,North,Mobile App,Cash,1,59.99,0.14,51.59,51.59,28.94,22.65
TXN01464,2023-03-05,CUST0054,PROD014,Knife Set,Home & Kitchen,South,In-Store,Cash,5,44.99,0.16,37.79,188.95,101.66,87.29
TXN00901,2023-03-06,CUST0267,PROD005,USB-C Hub,Electronics,Central,In-Store,Debit Card,3,49.99,0.1,44.99,134.97,80.14,54.83
TXN01332,2023-03-06,CUST0474,PROD019,Water Bottle,Sports,Central,Online,Net Banking,2,24.99,0.14,21.49,42.98,26.45,16.53
TXN01299,2023-03-06,CUST0221,PROD024,SQL Mastery,Books,West,Mobile App,Debit Card,1,34.99,0.1,31.49,31.49,16.55,14.94
TXN01185,2023-03-06,CUST0325,PROD015,Cutting Board,Home & Kitchen,West,Mobile App,Cash,1,19.99,0.25,14.99,14.99,9.57,5.42
TXN01775,2023-03-06,CUST0413,PROD015,Cutting Board,Home & Kitchen,North,Online,Credit Card,4,19.99,0.04,19.19,76.76,47.71,29.05
TXN01436,2023-03-06,CUST0373,PROD024,SQL Mastery,Books,South,Mobile App,Net Banking,2,34.99,0.04,33.59,67.18,37.42,29.76
TXN01197,2023-03-07,CUST0481,PROD024,SQL Mastery,Books,West,Mobile App,Debit Card,1,34.99,0.2,27.99,27.99,15.83,12.16
TXN01925,2023-03-07,CUST0219,PROD016,Yoga Mat,Sports,North,Online,Debit Card,5,34.99,0.17,29.04,145.2,68.72,76.48
TXN01641,2023-03-07,CUST0413,PROD028,Lipstick Set,Beauty,North,Online,Credit Card,5,39.99,0.22,31.19,155.95,70.9,85.05
TXN00680,2023-03-07,CUST0437,PROD005,USB-C Hub,Electronics,East,Online,UPI,1,49.99,0.15,42.49,42.49,23.46,19.03
TXN01077,2023-03-07,CUST0374,PROD010,Sneakers,Clothing,Central,In-Store,Credit Card,5,99.99,0.05,94.99,474.95,247.84,227.11
TXN01357,2023-03-07,CUST0397,PROD018,Resistance Bands,Sports,West,In-Store,Cash,1,19.99,0.09,18.19,18.19,9.63,8.56
TXN00852,2023-03-07,CUST0256,PROD017,Dumbbell Set,Sports,East,Mobile App,UPI,3,79.99,0.03,77.59,232.77,106.8,125.97
TXN00647,2023-03-08,CUST0315,PROD015,Cutting Board,Home & Kitchen,Central,In-Store,Cash,5,19.99,0.25,14.99,74.95,39.03,35.92
TXN01977,2023-03-08,CUST0153,PROD020,Jump Rope,Sports,Central,In-Store,Cash,3,14.99,0.13,13.04,39.12,19.89,19.23
TXN00152,2023-03-08,CUST0195,PROD011,Air Fryer 5L,Home & Kitchen,Central,Mobile App,Debit Card,1,89.99,0.12,79.19,79.19,42.46,36.73
TXN01779,2023-03-08,CUST0213,PROD019,Water Bottle,Sports,North,Online,Debit Card,4,24.99,0.09,22.74,90.96,44.66,46.3
TXN00603,2023-03-08,CUST0391,PROD011,Air Fryer 5L,Home & Kitchen,South,In-Store,Cash,4,89.99,0.13,78.29,313.16,189.39,123.77
TXN01625,2023-03-08,CUST0391,PROD022,Python Crash Course,Books,West,In-Store,Cash,2,39.99,0.1,35.99,71.98,39.14,32.84
TXN00757,2023-03-09,CUST0460,PROD030,Perfume 50ml,Beauty,East,Online,UPI,5,69.99,0.11,62.29,311.45,159.09,152.36
TXN01771,2023-03-09,CUST0124,PROD004,"Tablet 10""",Electronics,Central,In-Store,Cash,2,399.99,0.04,383.99,767.98,417.64,350.34
TXN00434,2023-03-09,CUST0109,PROD009,Winter Coat,Clothing,North,Mobile App,Cash,1,149.99,0.06,140.99,140.99,83.95,57.04
TXN01479,2023-03-09,CUST0268,PROD011,Air Fryer 5L,Home & Kitchen,East,Online,Debit Card,2,89.99,0.18,73.79,147.58,93.49,54.09
TXN00133,2023-03-09,CUST0008,PROD023,Business Analytics,Books,East,Online,Cash,2,44.99,0.03,43.64,87.28,54.4,32.88
TXN01675,2023-03-09,CUST0255,PROD021,Data Science Handbook,Books,North,Online,Debit Card,5,49.99,0.01,49.49,247.45,146.85,100.6
TXN01529,2023-03-09,CUST0168,PROD025,ML for Beginners,Books,West,In-Store,Debit Card,5,29.99,0.25,22.49,112.45,56.6,55.85
TXN00509,2023-03-10,CUST0323,PROD002,Wireless Earbuds,Electronics,Central,Online,Cash,1,89.99,0.03,87.29,87.29,49.62,37.67
TXN01149,2023-03-10,CUST0472,PROD002,Wireless Earbuds,Electronics,North,Online,UPI,1,89.99,0.09,81.89,81.89,44.61,37.28
TXN01919,2023-03-10,CUST0454,PROD027,Moisturizer SPF30,Beauty,North,Online,UPI,4,29.99,0.09,27.29,109.16,66.41,42.75
TXN01875,2023-03-10,CUST0017,PROD014,Knife Set,Home & Kitchen,North,Mobile App,Debit Card,1,44.99,0.17,37.34,37.34,18.49,18.85
TXN00578,2023-03-10,CUST0129,PROD017,Dumbbell Set,Sports,North,In-Store,Net Banking,1,79.99,0.17,66.39,66.39,34.63,31.76
TXN01851,2023-03-10,CUST0495,PROD007,Slim Jeans,Clothing,South,In-Store,Credit Card,1,59.99,0.18,49.19,49.19,28.87,20.32
TXN01787,2023-03-10,CUST0100,PROD017,Dumbbell Set,Sports,West,Mobile App,Debit Card,1,79.99,0.01,79.19,79.19,35.83,43.36
TXN01423,2023-03-10,CUST0205,PROD017,Dumbbell Set,Sports,East,In-Store,Net Banking,1,79.99,0.1,71.99,71.99,36.98,35.01
TXN00433,2023-03-10,CUST0176,PROD025,ML for Beginners,Books,West,In-Store,Debit Card,3,29.99,0.11,26.69,80.07,47.03,33.04
TXN00409,2023-03-11,CUST0400,PROD022,Python Crash Course,Books,Central,Mobile App,Credit Card,1,39.99,0.08,36.79,36.79,20.28,16.51
TXN01834,2023-03-11,CUST0243,PROD005,USB-C Hub,Electronics,West,Mobile App,Cash,5,49.99,0.14,42.99,214.95,101.74,113.21
TXN00745,2023-03-12,CUST0448,PROD025,ML for Beginners,Books,West,Online,UPI,1,29.99,0.24,22.79,22.79,12.37,10.42
TXN00749,2023-03-12,CUST0172,PROD030,Perfume 50ml,Beauty,South,Mobile App,Credit Card,1,69.99,0.14,60.19,60.19,36.4,23.79
TXN00893,2023-03-12,CUST0063,PROD024,SQL Mastery,Books,South,In-Store,Net Banking,1,34.99,0.04,33.59,33.59,17.56,16.03
TXN01739,2023-03-12,CUST0241,PROD030,Perfume 50ml,Beauty,East,Online,Net Banking,5,69.99,0.15,59.49,297.45,180.6,116.85
TXN00438,2023-03-12,CUST0215,PROD026,Vitamin C Serum,Beauty,North,Mobile App,Cash,5,34.99,0.07,32.54,162.7,92.92,69.78
TXN01306,2023-03-12,CUST0431,PROD020,Jump Rope,Sports,Central,Online,UPI,4,14.99,0.07,13.94,55.76,27.36,28.4
TXN00001,2023-03-13,CUST0378,PROD026,Vitamin C Serum,Beauty,North,Mobile App,Cash,1,34.99,0.19,28.34,28.34,14.14,14.2
TXN00314,2023-03-13,CUST0096,PROD030,Perfume 50ml,Beauty,East,In-Store,Cash,2,69.99,0.14,60.19,120.38,65.96,54.42
TXN01407,2023-03-13,CUST0290,PROD011,Air Fryer 5L,Home & Kitchen,East,In-Store,Debit Card,4,89.99,0.18,73.79,295.16,143.33,151.83
TXN01492,2023-03-13,CUST0500,PROD004,"Tablet 10""",Electronics,West,In-Store,Credit Card,1,399.99,0.24,303.99,303.99,158.29,145.7
TXN00337,2023-03-13,CUST0127,PROD024,SQL Mastery,Books,East,Mobile App,Credit Card,3,34.99,0.24,26.59,79.77,40.91,38.86
TXN00258,2023-03-13,CUST0258,PROD010,Sneakers,Clothing,East,Online,Cash,2,99.99,0.19,80.99,161.98,98.03,63.95
TXN00221,2023-03-13,CUST0168,PROD020,Jump Rope,Sports,Central,In-Store,Debit Card,4,14.99,0.04,14.39,57.56,36.18,21.38
TXN00379,2023-03-14,CUST0397,PROD011,Air Fryer 5L,Home & Kitchen,North,Mobile App,UPI,1,89.99,0.04,86.39,86.39,51.05,35.34
TXN01943,2023-03-14,CUST0462,PROD003,Smart Watch,Electronics,Central,Mobile App,Net Banking,4,249.99,0.22,194.99,779.96,369.36,410.6
TXN00720,2023-03-14,CUST0251,PROD010,Sneakers,Clothing,North,In-Store,Cash,2,99.99,0.23,76.99,153.98,70.43,83.55
TXN01307,2023-03-14,CUST0019,PROD030,Perfume 50ml,Beauty,South,Mobile App,Net Banking,2,69.99,0.03,67.89,135.78,80.79,54.99
TXN00925,2023-03-14,CUST0212,PROD006,Running Jacket,Clothing,East,In-Store,Net Banking,1,79.99,0.07,74.39,74.39,34.94,39.45
TXN01151,2023-03-15,CUST0194,PROD006,Running Jacket,Clothing,North,Mobile App,Net Banking,2,79.99,0.03,77.59,155.18,91.43,63.75
TXN01522,2023-03-15,CUST0468,PROD001,"Laptop Pro 15""",Electronics,West,Online,Cash,3,1199.99,0.01,1187.99,3563.97,1939.16,1624.81
TXN01046,2023-03-15,CUST0446,PROD016,Yoga Mat,Sports,Central,Mobile App,Cash,4,34.99,0.07,32.54,130.16,63.65,66.51
TXN01647,2023-03-15,CUST0450,PROD021,Data Science Handbook,Books,Central,Mobile App,Debit Card,1,49.99,0.04,47.99,47.99,23.49,24.5
TXN00146,2023-03-15,CUST0290,PROD028,Lipstick Set,Beauty,West,Online,Debit Card,3,39.99,0.09,36.39,109.17,53.09,56.08
TXN00684,2023-03-15,CUST0370,PROD027,Moisturizer SPF30,Beauty,West,Mobile App,Net Banking,2,29.99,0.0,29.99,59.98,34.77,25.21
TXN01929,2023-03-15,CUST0319,PROD029,Hair Dryer,Beauty,South,Mobile App,UPI,4,59.99,0.19,48.59,194.36,112.5,81.86
TXN00770,2023-03-15,CUST0107,PROD029,Hair Dryer,Beauty,East,In-Store,Cash,2,59.99,0.21,47.39,94.78,53.99,40.79
TXN00620,2023-03-16,CUST0336,PROD030,Perfume 50ml,Beauty,Central,Online,UPI,2,69.99,0.11,62.29,124.58,78.71,45.87
TXN01110,2023-03-16,CUST0219,PROD009,Winter Coat,Clothing,North,Mobile App,Debit Card,1,149.99,0.07,139.49,139.49,68.13,71.36
TXN00501,2023-03-16,CUST0377,PROD017,Dumbbell Set,Sports,West,In-Store,Credit Card,2,79.99,0.14,68.79,137.58,77.48,60.1
TXN01854,2023-03-16,CUST0106,PROD028,Lipstick Set,Beauty,West,In-Store,Debit Card,4,39.99,0.17,33.19,132.76,82.52,50.24
TXN01082,2023-03-16,CUST0445,PROD026,Vitamin C Serum,Beauty,South,In-Store,Credit Card,3,34.99,0.23,26.94,80.82,48.95,31.87
TXN00467,2023-03-16,CUST0028,PROD014,Knife Set,Home & Kitchen,North,Online,UPI,1,44.99,0.13,39.14,39.14,17.81,21.33
TXN01420,2023-03-17,CUST0103,PROD014,Knife Set,Home & Kitchen,South,In-Store,UPI,4,44.99,0.04,43.19,172.76,77.77,94.99
TXN01125,2023-03-17,CUST0483,PROD006,Running Jacket,Clothing,East,Online,UPI,5,79.99,0.06,75.19,375.95,172.12,203.83
TXN01247,2023-03-17,CUST0397,PROD023,Business Analytics,Books,North,Online,UPI,2,44.99,0.13,39.14,78.28,37.85,40.43
TXN01229,2023-03-17,CUST0386,PROD010,Sneakers,Clothing,Central,In-Store,Net Banking,4,99.99,0.03,96.99,387.96,199.36,188.6
TXN01630,2023-03-17,CUST0466,PROD028,Lipstick Set,Beauty,West,Online,Credit Card,2,39.99,0.24,30.39,60.78,35.42,25.36
TXN01184,2023-03-17,CUST0256,PROD013,Blender Pro,Home & Kitchen,East,Online,Net Banking,1,59.99,0.04,57.59,57.59,31.2,26.39
TXN01275,2023-03-17,CUST0015,PROD019,Water Bottle,Sports,East,In-Store,Credit Card,1,24.99,0.12,21.99,21.99,13.47,8.52
TXN01793,2023-03-17,CUST0285,PROD005,USB-C Hub,Electronics,South,Online,Debit Card,3,49.99,0.2,39.99,119.97,60.17,59.8
TXN00899,2023-03-17,CUST0359,PROD011,Air Fryer 5L,Home & Kitchen,West,In-Store,Debit Card,3,89.99,0.23,69.29,207.87,118.92,88.95
TXN01389,2023-03-17,CUST0074,PROD002,Wireless Earbuds,Electronics,South,In-Store,Credit Card,2,89.99,0.02,88.19,176.38,107.71,68.67
TXN00600,2023-03-18,CUST0168,PROD003,Smart Watch,Electronics,Central,Mobile App,Debit Card,5,249.99,0.01,247.49,1237.45,690.48,546.97
TXN00731,2023-03-18,CUST0351,PROD009,Winter Coat,Clothing,West,In-Store,Debit Card,2,149.99,0.07,139.49,278.98,136.35,142.63
TXN01973,2023-03-18,CUST0376,PROD024,SQL Mastery,Books,North,Mobile App,Debit Card,1,34.99,0.17,29.04,29.04,15.42,13.62
TXN00981,2023-03-18,CUST0444,PROD026,Vitamin C Serum,Beauty,West,Online,Debit Card,4,34.99,0.16,29.39,117.56,76.16,41.4
TXN01325,2023-03-18,CUST0467,PROD021,Data Science Handbook,Books,Central,Online,Credit Card,2,49.99,0.09,45.49,90.98,46.23,44.75
TXN01505,2023-03-19,CUST0334,PROD014,Knife Set,Home & Kitchen,East,Online,Debit Card,4,44.99,0.22,35.09,140.36,91.08,49.28
TXN01520,2023-03-19,CUST0380,PROD009,Winter Coat,Clothing,South,In-Store,Credit Card,2,149.99,0.04,143.99,287.98,159.46,128.52
TXN00226,2023-03-19,CUST0212,PROD026,Vitamin C Serum,Beauty,South,In-Store,Cash,2,34.99,0.0,34.99,69.98,35.88,34.1
TXN01539,2023-03-19,CUST0277,PROD027,Moisturizer SPF30,Beauty,Central,In-Store,Debit Card,5,29.99,0.06,28.19,140.95,89.66,51.29
TXN00085,2023-03-19,CUST0077,PROD019,Water Bottle,Sports,Central,In-Store,Credit Card,1,24.99,0.14,21.49,21.49,12.62,8.87
TXN00878,2023-03-20,CUST0379,PROD009,Winter Coat,Clothing,West,In-Store,Net Banking,4,149.99,0.01,148.49,593.96,287.01,306.95
TXN00392,2023-03-20,CUST0028,PROD001,"Laptop Pro 15""",Electronics,East,Online,Net Banking,4,1199.99,0.14,1031.99,4127.96,2550.96,1577.0
TXN01399,2023-03-20,CUST0362,PROD020,Jump Rope,Sports,South,Online,Credit Card,1,14.99,0.01,14.84,14.84,6.76,8.08
TXN00864,2023-03-20,CUST0062,PROD019,Water Bottle,Sports,East,In-Store,Net Banking,3,24.99,0.16,20.99,62.97,40.36,22.61
TXN00158,2023-03-20,CUST0390,PROD006,Running Jacket,Clothing,North,Online,Net Banking,2,79.99,0.06,75.19,150.38,72.89,77.49
TXN00245,2023-03-20,CUST0233,PROD015,Cutting Board,Home & Kitchen,Central,In-Store,Net Banking,2,19.99,0.05,18.99,37.98,18.11,19.87
TXN01100,2023-03-20,CUST0211,PROD019,Water Bottle,Sports,North,In-Store,Credit Card,2,24.99,0.02,24.49,48.98,27.08,21.9
TXN00148,2023-03-21,CUST0081,PROD013,Blender Pro,Home & Kitchen,Central,Online,Credit Card,5,59.99,0.15,50.99,254.95,159.77,95.18
TXN01806,2023-03-21,CUST0019,PROD013,Blender Pro,Home & Kitchen,North,Online,Cash,2,59.99,0.06,56.39,112.78,54.11,58.67
TXN00762,2023-03-21,CUST0003,PROD019,Water Bottle,Sports,Central,Mobile App,UPI,2,24.99,0.24,18.99,37.98,24.14,13.84
TXN01469,2023-03-21,CUST0381,PROD023,Business Analytics,Books,South,Online,Cash,4,44.99,0.18,36.89,147.56,86.27,61.29
TXN00561,2023-03-21,CUST0156,PROD006,Running Jacket,Clothing,North,Online,Cash,4,79.99,0.08,73.59,294.36,156.73,137.63
TXN00474,2023-03-21,CUST0021,PROD023,Business Analytics,Books,South,In-Store,Cash,1,44.99,0.08,41.39,41.39,24.5,16.89
TXN01489,2023-03-22,CUST0313,PROD012,Coffee Maker,Home & Kitchen,South,In-Store,Cash,2,69.99,0.19,56.69,113.38,68.84,44.54
TXN00329,2023-03-22,CUST0226,PROD001,"Laptop Pro 15""",Electronics,West,Online,Net Banking,4,1199.99,0.0,1199.99,4799.96,3052.23,1747.73
TXN00035,2023-03-22,CUST0225,PROD008,Casual T-Shirt,Clothing,Central,Mobile App,UPI,1,24.99,0.22,19.49,19.49,10.21,9.28
TXN00824,2023-03-23,CUST0140,PROD024,SQL Mastery,Books,South,Online,UPI,4,34.99,0.16,29.39,117.56,53.77,63.79
TXN01876,2023-03-23,CUST0243,PROD013,Blender Pro,Home & Kitchen,West,Online,Debit Card,4,59.99,0.04,57.59,230.36,106.58,123.78
TXN01658,2023-03-23,CUST0250,PROD009,Winter Coat,Clothing,North,In-Store,Credit Card,5,149.99,0.18,122.99,614.95,329.96,284.99
TXN01657,2023-03-23,CUST0156,PROD008,Casual T-Shirt,Clothing,Central,In-Store,Debit Card,3,24.99,0.05,23.74,71.22,39.13,32.09
TXN00888,2023-03-23,CUST0090,PROD001,"Laptop Pro 15""",Electronics,Central,Online,Credit Card,3,1199.99,0.22,935.99,2807.97,1464.1,1343.87
TXN01059,2023-03-23,CUST0012,PROD009,Winter Coat,Clothing,Central,In-Store,UPI,4,149.99,0.07,139.49,557.96,342.03,215.93
TXN01451,2023-03-23,CUST0393,PROD007,Slim Jeans,Clothing,West,Mobile App,Net Banking,1,59.99,0.14,51.59,51.59,25.06,26.53
TXN01704,2023-03-23,CUST0436,PROD027,Moisturizer SPF30,Beauty,Central,Online,Debit Card,5,29.99,0.09,27.29,136.45,78.67,57.78
TXN00883,2023-03-24,CUST0148,PROD020,Jump Rope,Sports,South,In-Store,UPI,3,14.99,0.11,13.34,40.02,21.5,18.52
TXN00932,2023-03-24,CUST0379,PROD012,Coffee Maker,Home & Kitchen,Central,Mobile App,Credit Card,5,69.99,0.21,55.29,276.45,139.96,136.49
TXN01155,2023-03-24,CUST0006,PROD006,Running Jacket,Clothing,West,In-Store,Net Banking,1,79.99,0.15,67.99,67.99,32.96,35.03
TXN01001,2023-03-24,CUST0088,PROD029,Hair Dryer,Beauty,North,Mobile App,Credit Card,2,59.99,0.12,52.79,105.58,53.41,52.17
TXN00016,2023-03-24,CUST0277,PROD030,Perfume 50ml,Beauty,Central,Online,Cash,5,69.99,0.05,66.49,332.45,174.46,157.99
TXN01458,2023-03-24,CUST0235,PROD030,Perfume 50ml,Beauty,East,Mobile App,Debit Card,4,69.99,0.14,60.19,240.76,149.92,90.84
TXN01182,2023-03-24,CUST0495,PROD014,Knife Set,Home & Kitchen,West,In-Store,Cash,4,44.99,0.12,39.59,158.36,93.08,65.28
TXN00961,2023-03-25,CUST0054,PROD025,ML for Beginners,Books,West,Online,Net Banking,3,29.99,0.15,25.49,76.47,40.82,35.65
TXN01672,2023-03-25,CUST0301,PROD018,Resistance Bands,Sports,South,In-Store,Credit Card,2,19.99,0.18,16.39,32.78,17.72,15.06
TXN00855,2023-03-25,CUST0362,PROD006,Running Jacket,Clothing,West,In-Store,Credit Card,2,79.99,0.05,75.99,151.98,82.68,69.3
TXN00171,2023-03-25,CUST0093,PROD003,Smart Watch,Electronics,Central,Online,Net Banking,5,249.99,0.03,242.49,1212.45,636.95,575.5
TXN00761,2023-03-25,CUST0274,PROD028,Lipstick Set,Beauty,East,Online,Credit Card,3,39.99,0.04,38.39,115.17,62.16,53.01
TXN01689,2023-03-26,CUST0472,PROD029,Hair Dryer,Beauty,West,In-Store,Cash,3,59.99,0.11,53.39,160.17,84.59,75.58
TXN01706,2023-03-26,CUST0379,PROD021,Data Science Handbook,Books,South,Mobile App,UPI,3,49.99,0.23,38.49,115.47,67.31,48.16
TXN01703,2023-03-26,CUST0456,PROD029,Hair Dryer,Beauty,North,In-Store,Cash,4,59.99,0.19,48.59,194.36,120.96,73.4
TXN01959,2023-03-26,CUST0348,PROD016,Yoga Mat,Sports,North,Online,Cash,2,34.99,0.21,27.64,55.28,34.82,20.46
TXN01789,2023-03-26,CUST0474,PROD014,Knife Set,Home & Kitchen,West,Online,Credit Card,1,44.99,0.05,42.74,42.74,27.06,15.68
TXN01212,2023-03-26,CUST0407,PROD016,Yoga Mat,Sports,South,Mobile App,Net Banking,5,34.99,0.2,27.99,139.95,79.42,60.53
TXN01603,2023-03-27,CUST0484,PROD002,Wireless Earbuds,Electronics,East,Mobile App,Net Banking,4,89.99,0.02,88.19,352.76,196.62,156.14
TXN01878,2023-03-27,CUST0137,PROD002,Wireless Earbuds,Electronics,Central,Mobile App,Cash,4,89.99,0.03,87.29,349.16,173.13,176.03
TXN01244,2023-03-27,CUST0096,PROD018,Resistance Bands,Sports,East,In-Store,Debit Card,2,19.99,0.04,19.19,38.38,22.5,15.88
TXN00316,2023-03-27,CUST0043,PROD019,Water Bottle,Sports,Central,Online,Debit Card,4,24.99,0.18,20.49,81.96,44.16,37.8
TXN01871,2023-03-27,CUST0337,PROD027,Moisturizer SPF30,Beauty,North,In-Store,Debit Card,1,29.99,0.12,26.39,26.39,13.34,13.05
TXN01989,2023-03-27,CUST0496,PROD014,Knife Set,Home & Kitchen,Central,Online,Net Banking,2,44.99,0.23,34.64,69.28,35.93,33.35
TXN01830,2023-03-27,CUST0098,PROD016,Yoga Mat,Sports,Central,Mobile App,Net Banking,5,34.99,0.19,28.34,141.7,75.17,66.53
TXN01034,2023-03-28,CUST0418,PROD012,Coffee Maker,Home & Kitchen,West,Online,Credit Card,4,69.99,0.17,58.09,232.36,104.86,127.5
TXN01547,2023-03-28,CUST0449,PROD018,Resistance Bands,Sports,West,In-Store,Debit Card,1,19.99,0.16,16.79,16.79,8.99,7.8
TXN00528,2023-03-28,CUST0346,PROD005,USB-C Hub,Electronics,North,In-Store,Debit Card,5,49.99,0.13,43.49,217.45,107.93,109.52
TXN01561,2023-03-28,CUST0166,PROD013,Blender Pro,Home & Kitchen,North,Online,Debit Card,4,59.99,0.22,46.79,187.16,112.47,74.69
TXN01344,2023-03-28,CUST0148,PROD006,Running Jacket,Clothing,East,Mobile App,Credit Card,3,79.99,0.07,74.39,223.17,120.02,103.15
TXN00207,2023-03-28,CUST0304,PROD028,Lipstick Set,Beauty,Central,Online,Debit Card,5,39.99,0.13,34.79,173.95,95.76,78.19
TXN01962,2023-03-28,CUST0443,PROD005,USB-C Hub,Electronics,Central,In-Store,Credit Card,3,49.99,0.08,45.99,137.97,78.44,59.53
TXN00052,2023-03-28,CUST0338,PROD017,Dumbbell Set,Sports,North,In-Store,Cash,5,79.99,0.12,70.39,351.95,221.81,130.14
TXN00857,2023-03-28,CUST0384,PROD003,Smart Watch,Electronics,Central,In-Store,Cash,1,249.99,0.05,237.49,237.49,120.37,117.12
TXN00798,2023-03-28,CUST0034,PROD030,Perfume 50ml,Beauty,East,Online,UPI,1,69.99,0.19,56.69,56.69,35.63,21.06
TXN01753,2023-03-29,CUST0413,PROD006,Running Jacket,Clothing,West,Online,Cash,5,79.99,0.15,67.99,339.95,204.81,135.14
TXN00404,2023-03-30,CUST0142,PROD014,Knife Set,Home & Kitchen,West,Online,Cash,4,44.99,0.14,38.69,154.76,84.28,70.48
TXN01558,2023-03-30,CUST0433,PROD023,Business Analytics,Books,West,Online,UPI,4,44.99,0.19,36.44,145.76,88.36,57.4
TXN00399,2023-03-30,CUST0486,PROD030,Perfume 50ml,Beauty,South,Online,Debit Card,2,69.99,0.03,67.89,135.78,81.66,54.12
TXN01755,2023-03-30,CUST0470,PROD009,Winter Coat,Clothing,South,In-Store,Credit Card,2,149.99,0.06,140.99,281.98,161.27,120.71
TXN00088,2023-03-30,CUST0283,PROD007,Slim Jeans,Clothing,North,Online,Credit Card,3,59.99,0.17,49.79,149.37,71.91,77.46
TXN00759,2023-03-31,CUST0430,PROD010,Sneakers,Clothing,South,Online,Debit Card,2,99.99,0.18,81.99,163.98,83.15,80.83
TXN00542,2023-03-31,CUST0235,PROD005,USB-C Hub,Electronics,North,Mobile App,Cash,3,49.99,0.1,44.99,134.97,79.26,55.71
TXN01696,2023-03-31,CUST0499,PROD001,"Laptop Pro 15""",Electronics,North,Mobile App,Credit Card,4,1199.99,0.11,1067.99,4271.96,2320.27,1951.69
TXN00965,2023-03-31,CUST0174,PROD007,Slim Jeans,Clothing,Central,Online,Debit Card,3,59.99,0.04,57.59,172.77,108.34,64.43
TXN00186,2023-03-31,CUST0426,PROD006,Running Jacket,Clothing,West,Mobile App,Net Banking,3,79.99,0.14,68.79,206.37,126.44,79.93
TXN01585,2023-04-01,CUST0260,PROD023,Business Analytics,Books,South,In-Store,Credit Card,5,44.99,0.04,43.19,215.95,116.21,99.74
TXN01239,2023-04-01,CUST0305,PROD029,Hair Dryer,Beauty,East,Mobile App,Cash,4,59.99,0.05,56.99,227.96,111.22,116.74
TXN01478,2023-04-01,CUST0021,PROD027,Moisturizer SPF30,Beauty,Central,In-Store,Cash,2,29.99,0.06,28.19,56.38,33.46,22.92
TXN00676,2023-04-01,CUST0158,PROD024,SQL Mastery,Books,West,Online,Cash,3,34.99,0.14,30.09,90.27,55.46,34.81
TXN01968,2023-04-01,CUST0279,PROD010,Sneakers,Clothing,East,In-Store,Credit Card,2,99.99,0.22,77.99,155.98,96.65,59.33
TXN00483,2023-04-02,CUST0407,PROD004,"Tablet 10""",Electronics,East,Mobile App,Credit Card,3,399.99,0.01,395.99,1187.97,551.99,635.98
TXN01874,2023-04-02,CUST0101,PROD007,Slim Jeans,Clothing,South,Online,Debit Card,2,59.99,0.06,56.39,112.78,51.77,61.01
TXN01578,2023-04-02,CUST0428,PROD027,Moisturizer SPF30,Beauty,South,Online,Net Banking,2,29.99,0.24,22.79,45.58,27.56,18.02
TXN01064,2023-04-02,CUST0484,PROD027,Moisturizer SPF30,Beauty,North,Online,Cash,1,29.99,0.02,29.39,29.39,18.95,10.44
TXN01141,2023-04-02,CUST0220,PROD003,Smart Watch,Electronics,Central,In-Store,Cash,1,249.99,0.22,194.99,194.99,111.32,83.67
TXN00802,2023-04-02,CUST0196,PROD026,Vitamin C Serum,Beauty,Central,Mobile App,UPI,1,34.99,0.12,30.79,30.79,14.02,16.77
TXN01431,2023-04-02,CUST0218,PROD018,Resistance Bands,Sports,Central,In-Store,Credit Card,5,19.99,0.24,15.19,75.95,35.87,40.08
TXN00169,2023-04-03,CUST0487,PROD004,"Tablet 10""",Electronics,South,In-Store,Net Banking,5,399.99,0.09,363.99,1819.95,950.96,868.99
TXN01813,2023-04-03,CUST0214,PROD025,ML for Beginners,Books,North,Online,UPI,4,29.99,0.24,22.79,91.16,57.56,33.6
TXN01688,2023-04-03,CUST0441,PROD010,Sneakers,Clothing,East,Online,Net Banking,1,99.99,0.08,91.99,91.99,45.38,46.61
TXN01302,2023-04-03,CUST0145,PROD002,Wireless Earbuds,Electronics,North,In-Store,UPI,1,89.99,0.02,88.19,88.19,41.92,46.27
TXN00696,2023-04-03,CUST0410,PROD012,Coffee Maker,Home & Kitchen,Central,Online,UPI,3,69.99,0.2,55.99,167.97,83.52,84.45
TXN00191,2023-04-03,CUST0280,PROD004,"Tablet 10""",Electronics,East,In-Store,Credit Card,1,399.99,0.11,355.99,355.99,231.04,124.95
TXN00819,2023-04-03,CUST0452,PROD015,Cutting Board,Home & Kitchen,North,Mobile App,Cash,5,19.99,0.11,17.79,88.95,53.61,35.34
TXN01204,2023-04-03,CUST0048,PROD021,Data Science Handbook,Books,North,In-Store,UPI,1,49.99,0.04,47.99,47.99,24.11,23.88
TXN00422,2023-04-03,CUST0151,PROD023,Business Analytics,Books,North,In-Store,Debit Card,2,44.99,0.21,35.54,71.08,44.45,26.63
TXN00670,2023-04-04,CUST0359,PROD007,Slim Jeans,Clothing,East,In-Store,Net Banking,5,59.99,0.06,56.39,281.95,147.37,134.58
TXN01722,2023-04-04,CUST0115,PROD004,"Tablet 10""",Electronics,East,Mobile App,Cash,2,399.99,0.19,323.99,647.98,297.28,350.7
TXN01339,2023-04-04,CUST0371,PROD029,Hair Dryer,Beauty,Central,Mobile App,Credit Card,3,59.99,0.19,48.59,145.77,86.01,59.76
TXN01145,2023-04-04,CUST0393,PROD018,Resistance Bands,Sports,West,In-Store,UPI,2,19.99,0.02,19.59,39.18,25.43,13.75
TXN01485,2023-04-04,CUST0250,PROD015,Cutting Board,Home & Kitchen,North,In-Store,Cash,5,19.99,0.08,18.39,91.95,49.47,42.48
TXN00779,2023-04-04,CUST0392,PROD015,Cutting Board,Home & Kitchen,North,Mobile App,Debit Card,1,19.99,0.13,17.39,17.39,10.49,6.9
TXN01530,2023-04-04,CUST0008,PROD021,Data Science Handbook,Books,South,Mobile App,Credit Card,4,49.99,0.16,41.99,167.96,102.26,65.7
TXN00512,2023-04-04,CUST0320,PROD020,Jump Rope,Sports,Central,In-Store,Debit Card,2,14.99,0.2,11.99,23.98,14.73,9.25
TXN01862,2023-04-04,CUST0322,PROD030,Perfume 50ml,Beauty,West,Mobile App,Credit Card,5,69.99,0.14,60.19,300.95,191.07,109.88
TXN01928,2023-04-04,CUST0224,PROD013,Blender Pro,Home & Kitchen,Central,Online,Net Banking,1,59.99,0.2,47.99,47.99,26.48,21.51
TXN01099,2023-04-06,CUST0206,PROD018,Resistance Bands,Sports,East,Online,Credit Card,3,19.99,0.09,18.19,54.57,24.61,29.96
TXN00579,2023-04-06,CUST0279,PROD023,Business Analytics,Books,East,In-Store,Net Banking,5,44.99,0.17,37.34,186.7,91.1,95.6
TXN01216,2023-04-06,CUST0184,PROD001,"Laptop Pro 15""",Electronics,South,Online,Debit Card,2,1199.99,0.2,959.99,1919.98,1028.87,891.11
TXN01766,2023-04-06,CUST0118,PROD008,Casual T-Shirt,Clothing,West,In-Store,Debit Card,2,24.99,0.21,19.74,39.48,19.97,19.51
TXN00772,2023-04-06,CUST0427,PROD024,SQL Mastery,Books,West,In-Store,Cash,5,34.99,0.19,28.34,141.7,67.65,74.05
TXN01832,2023-04-07,CUST0002,PROD028,Lipstick Set,Beauty,Central,In-Store,Credit Card,2,39.99,0.22,31.19,62.38,28.52,33.86
TXN01589,2023-04-07,CUST0407,PROD008,Casual T-Shirt,Clothing,West,Online,UPI,2,24.99,0.06,23.49,46.98,28.82,18.16
TXN00782,2023-04-07,CUST0408,PROD006,Running Jacket,Clothing,Central,Mobile App,Cash,2,79.99,0.04,76.79,153.58,75.9,77.68
TXN01131,2023-04-07,CUST0292,PROD017,Dumbbell Set,Sports,West,Mobile App,Debit Card,4,79.99,0.05,75.99,303.96,189.21,114.75
TXN00119,2023-04-08,CUST0318,PROD012,Coffee Maker,Home & Kitchen,East,Mobile App,Debit Card,5,69.99,0.2,55.99,279.95,138.24,141.71
TXN00844,2023-04-08,CUST0485,PROD019,Water Bottle,Sports,East,In-Store,Net Banking,4,24.99,0.03,24.24,96.96,57.47,39.49
TXN00630,2023-04-08,CUST0150,PROD024,SQL Mastery,Books,West,In-Store,UPI,5,34.99,0.19,28.34,141.7,91.04,50.66
TXN00266,2023-04-08,CUST0493,PROD008,Casual T-Shirt,Clothing,North,Mobile App,Net Banking,3,24.99,0.24,18.99,56.97,25.81,31.16
TXN01395,2023-04-08,CUST0196,PROD010,Sneakers,Clothing,East,Online,Credit Card,5,99.99,0.22,77.99,389.95,247.28,142.67
TXN01710,2023-04-08,CUST0013,PROD012,Coffee Maker,Home & Kitchen,North,Online,UPI,5,69.99,0.16,58.79,293.95,188.22,105.73
TXN00459,2023-04-08,CUST0367,PROD006,Running Jacket,Clothing,East,Online,Net Banking,4,79.99,0.05,75.99,303.96,186.91,117.05
TXN01601,2023-04-08,CUST0419,PROD016,Yoga Mat,Sports,West,In-Store,Cash,4,34.99,0.21,27.64,110.56,58.09,52.47
TXN00968,2023-04-08,CUST0099,PROD016,Yoga Mat,Sports,Central,In-Store,UPI,1,34.99,0.04,33.59,33.59,21.32,12.27
TXN01653,2023-04-08,CUST0117,PROD014,Knife Set,Home & Kitchen,Central,Online,Credit Card,3,44.99,0.19,36.44,109.32,56.05,53.27
TXN00214,2023-04-08,CUST0391,PROD007,Slim Jeans,Clothing,South,In-Store,Cash,3,59.99,0.23,46.19,138.57,82.34,56.23
TXN01208,2023-04-09,CUST0311,PROD002,Wireless Earbuds,Electronics,North,Mobile App,Credit Card,5,89.99,0.19,72.89,364.45,231.54,132.91
TXN01567,2023-04-09,CUST0212,PROD019,Water Bottle,Sports,South,Mobile App,Cash,4,24.99,0.14,21.49,85.96,55.85,30.11
TXN00717,2023-04-09,CUST0013,PROD016,Yoga Mat,Sports,Central,Online,Net Banking,4,34.99,0.18,28.69,114.76,54.85,59.91
TXN00480,2023-04-09,CUST0165,PROD024,SQL Mastery,Books,Central,Online,Credit Card,4,34.99,0.01,34.64,138.56,87.25,51.31
TXN01211,2023-04-09,CUST0129,PROD019,Water Bottle,Sports,South,Online,UPI,4,24.99,0.13,21.74,86.96,46.09,40.87
TXN01966,2023-04-10,CUST0134,PROD020,Jump Rope,Sports,Central,In-Store,Debit Card,5,14.99,0.21,11.84,59.2,27.85,31.35
TXN00652,2023-04-10,CUST0170,PROD030,Perfume 50ml,Beauty,East,Mobile App,Net Banking,5,69.99,0.24,53.19,265.95,163.93,102.02
TXN01938,2023-04-10,CUST0489,PROD011,Air Fryer 5L,Home & Kitchen,South,Online,Credit Card,5,89.99,0.22,70.19,350.95,197.9,153.05
TXN00472,2023-04-10,CUST0151,PROD025,ML for Beginners,Books,West,Online,Credit Card,5,29.99,0.05,28.49,142.45,84.76,57.69
TXN00490,2023-04-10,CUST0059,PROD007,Slim Jeans,Clothing,South,Mobile App,Cash,2,59.99,0.06,56.39,112.78,69.58,43.2
TXN00999,2023-04-10,CUST0204,PROD029,Hair Dryer,Beauty,North,Online,UPI,4,59.99,0.09,54.59,218.36,115.7,102.66
TXN01329,2023-04-10,CUST0429,PROD024,SQL Mastery,Books,Central,In-Store,Debit Card,5,34.99,0.13,30.44,152.2,78.14,74.06
TXN00157,2023-04-10,CUST0464,PROD006,Running Jacket,Clothing,East,In-Store,Debit Card,5,79.99,0.16,67.19,335.95,186.83,149.12
TXN01298,2023-04-11,CUST0274,PROD006,Running Jacket,Clothing,Central,In-Store,Credit Card,1,79.99,0.01,79.19,79.19,48.02,31.17
TXN01768,2023-04-11,CUST0309,PROD019,Water Bottle,Sports,North,Online,Credit Card,2,24.99,0.06,23.49,46.98,28.73,18.25
TXN00355,2023-04-11,CUST0376,PROD009,Winter Coat,Clothing,Central,Online,Debit Card,3,149.99,0.15,127.49,382.47,209.85,172.62
TXN01786,2023-04-11,CUST0048,PROD029,Hair Dryer,Beauty,Central,In-Store,UPI,3,59.99,0.04,57.59,172.77,104.08,68.69
TXN01986,2023-04-11,CUST0072,PROD012,Coffee Maker,Home & Kitchen,East,Mobile App,UPI,5,69.99,0.1,62.99,314.95,179.12,135.83
TXN00270,2023-04-11,CUST0169,PROD025,ML for Beginners,Books,South,In-Store,Cash,5,29.99,0.18,24.59,122.95,62.59,60.36
TXN00840,2023-04-12,CUST0044,PROD012,Coffee Maker,Home & Kitchen,West,In-Store,Debit Card,5,69.99,0.21,55.29,276.45,168.61,107.84
TXN01913,2023-04-12,CUST0253,PROD022,Python Crash Course,Books,South,Online,Net Banking,2,39.99,0.15,33.99,67.98,39.17,28.81
TXN01334,2023-04-12,CUST0461,PROD020,Jump Rope,Sports,South,In-Store,Credit Card,2,14.99,0.14,12.89,25.78,14.86,10.92
TXN01352,2023-04-12,CUST0326,PROD009,Winter Coat,Clothing,North,Mobile App,Debit Card,2,149.99,0.18,122.99,245.98,124.59,121.39
TXN00308,2023-04-12,CUST0231,PROD009,Winter Coat,Clothing,Central,In-Store,Net Banking,4,149.99,0.01,148.49,593.96,340.23,253.73
TXN00735,2023-04-13,CUST0193,PROD012,Coffee Maker,Home & Kitchen,South,Online,Net Banking,1,69.99,0.06,65.79,65.79,35.03,30.76
TXN00607,2023-04-13,CUST0351,PROD022,Python Crash Course,Books,East,Online,Credit Card,4,39.99,0.01,39.59,158.36,97.18,61.18
TXN00430,2023-04-13,CUST0375,PROD019,Water Bottle,Sports,East,Online,UPI,4,24.99,0.1,22.49,89.96,41.16,48.8
TXN01508,2023-04-13,CUST0395,PROD010,Sneakers,Clothing,Central,In-Store,Cash,3,99.99,0.13,86.99,260.97,151.55,109.42
TXN01591,2023-04-13,CUST0145,PROD025,ML for Beginners,Books,East,Online,Net Banking,5,29.99,0.1,26.99,134.95,75.47,59.48
TXN00371,2023-04-13,CUST0330,PROD016,Yoga Mat,Sports,Central,Online,Cash,1,34.99,0.07,32.54,32.54,15.54,17.0
TXN00611,2023-04-13,CUST0405,PROD030,Perfume 50ml,Beauty,Central,In-Store,Credit Card,1,69.99,0.06,65.79,65.79,30.4,35.39
TXN00198,2023-04-13,CUST0063,PROD010,Sneakers,Clothing,South,Online,Net Banking,3,99.99,0.17,82.99,248.97,161.76,87.21
TXN00709,2023-04-13,CUST0313,PROD013,Blender Pro,Home & Kitchen,West,Online,Net Banking,2,59.99,0.11,53.39,106.78,58.55,48.23
TXN00400,2023-04-14,CUST0422,PROD006,Running Jacket,Clothing,South,Mobile App,UPI,4,79.99,0.02,78.39,313.56,183.94,129.62
TXN00737,2023-04-14,CUST0172,PROD009,Winter Coat,Clothing,South,Online,Cash,2,149.99,0.16,125.99,251.98,162.56,89.42
TXN01697,2023-04-14,CUST0411,PROD026,Vitamin C Serum,Beauty,East,Online,UPI,3,34.99,0.18,28.69,86.07,51.11,34.96
TXN01957,2023-04-14,CUST0233,PROD025,ML for Beginners,Books,South,Online,Debit Card,3,29.99,0.02,29.39,88.17,43.12,45.05
TXN00658,2023-04-14,CUST0468,PROD012,Coffee Maker,Home & Kitchen,North,In-Store,Cash,1,69.99,0.09,63.69,63.69,29.14,34.55
TXN01597,2023-04-15,CUST0254,PROD017,Dumbbell Set,Sports,South,Mobile App,Cash,2,79.99,0.18,65.59,131.18,60.95,70.23
TXN01019,2023-04-15,CUST0121,PROD007,Slim Jeans,Clothing,Central,Online,Net Banking,1,59.99,0.04,57.59,57.59,32.24,25.35
TXN01824,2023-04-15,CUST0374,PROD008,Casual T-Shirt,Clothing,South,In-Store,Credit Card,3,24.99,0.1,22.49,67.47,42.59,24.88
TXN01693,2023-04-15,CUST0062,PROD011,Air Fryer 5L,Home & Kitchen,North,In-Store,Debit Card,1,89.99,0.08,82.79,82.79,41.61,41.18
TXN01856,2023-04-15,CUST0212,PROD006,Running Jacket,Clothing,North,In-Store,Debit Card,1,79.99,0.19,64.79,64.79,35.95,28.84
TXN00521,2023-04-15,CUST0212,PROD015,Cutting Board,Home & Kitchen,Central,Mobile App,Net Banking,3,19.99,0.25,14.99,44.97,23.81,21.16
TXN01268,2023-04-15,CUST0265,PROD030,Perfume 50ml,Beauty,South,Mobile App,Net Banking,5,69.99,0.18,57.39,286.95,132.17,154.78
TXN01686,2023-04-16,CUST0103,PROD006,Running Jacket,Clothing,Central,Mobile App,UPI,1,79.99,0.1,71.99,71.99,33.93,38.06
TXN00321,2023-04-16,CUST0417,PROD030,Perfume 50ml,Beauty,South,Online,Cash,4,69.99,0.04,67.19,268.76,128.43,140.33
TXN00921,2023-04-16,CUST0126,PROD001,"Laptop Pro 15""",Electronics,Central,In-Store,Credit Card,5,1199.99,0.04,1151.99,5759.95,2613.83,3146.12
TXN00393,2023-04-16,CUST0088,PROD003,Smart Watch,Electronics,East,Online,Net Banking,5,249.99,0.12,219.99,1099.95,516.31,583.64
TXN01886,2023-04-16,CUST0072,PROD007,Slim Jeans,Clothing,South,Mobile App,Credit Card,1,59.99,0.11,53.39,53.39,33.1,20.29
TXN00437,2023-04-16,CUST0356,PROD016,Yoga Mat,Sports,North,In-Store,Net Banking,5,34.99,0.06,32.89,164.45,97.09,67.36
TXN00538,2023-04-16,CUST0118,PROD017,Dumbbell Set,Sports,South,Online,Cash,2,79.99,0.18,65.59,131.18,81.93,49.25
TXN00282,2023-04-17,CUST0301,PROD026,Vitamin C Serum,Beauty,South,Mobile App,Net Banking,2,34.99,0.23,26.94,53.88,27.63,26.25
TXN00440,2023-04-17,CUST0353,PROD014,Knife Set,Home & Kitchen,West,In-Store,Debit Card,3,44.99,0.04,43.19,129.57,72.51,57.06
TXN00362,2023-04-17,CUST0232,PROD019,Water Bottle,Sports,East,In-Store,UPI,3,24.99,0.1,22.49,67.47,37.59,29.88
TXN00649,2023-04-17,CUST0410,PROD001,"Laptop Pro 15""",Electronics,Central,In-Store,Net Banking,4,1199.99,0.16,1007.99,4031.96,1909.48,2122.48
TXN01512,2023-04-17,CUST0195,PROD016,Yoga Mat,Sports,North,In-Store,Net Banking,4,34.99,0.22,27.29,109.16,67.77,41.39
TXN01446,2023-04-18,CUST0273,PROD014,Knife Set,Home & Kitchen,South,Mobile App,Net Banking,2,44.99,0.12,39.59,79.18,47.39,31.79
TXN01058,2023-04-18,CUST0435,PROD029,Hair Dryer,Beauty,South,Mobile App,Credit Card,1,59.99,0.25,44.99,44.99,23.24,21.75
TXN00508,2023-04-18,CUST0303,PROD018,Resistance Bands,Sports,South,Mobile App,Net Banking,1,19.99,0.12,17.59,17.59,9.6,7.99
TXN01788,2023-04-18,CUST0001,PROD017,Dumbbell Set,Sports,North,Online,Credit Card,4,79.99,0.14,68.79,275.16,137.86,137.3
TXN01662,2023-04-18,CUST0484,PROD016,Yoga Mat,Sports,East,Mobile App,Debit Card,1,34.99,0.11,31.14,31.14,16.61,14.53
TXN00065,2023-04-19,CUST0233,PROD009,Winter Coat,Clothing,East,In-Store,Net Banking,2,149.99,0.01,148.49,296.98,156.16,140.82
TXN00143,2023-04-19,CUST0080,PROD015,Cutting Board,Home & Kitchen,West,Online,Credit Card,3,19.99,0.09,18.19,54.57,30.86,23.71
TXN00019,2023-04-19,CUST0476,PROD022,Python Crash Course,Books,Central,Mobile App,Debit Card,3,39.99,0.13,34.79,104.37,59.63,44.74
TXN00151,2023-04-19,CUST0393,PROD020,Jump Rope,Sports,South,In-Store,UPI,1,14.99,0.0,14.99,14.99,7.65,7.34
TXN01470,2023-04-19,CUST0299,PROD014,Knife Set,Home & Kitchen,East,Online,Cash,3,44.99,0.16,37.79,113.37,51.65,61.72
TXN00369,2023-04-20,CUST0466,PROD016,Yoga Mat,Sports,South,In-Store,UPI,4,34.99,0.17,29.04,116.16,56.29,59.87
TXN00829,2023-04-20,CUST0497,PROD027,Moisturizer SPF30,Beauty,East,In-Store,Net Banking,4,29.99,0.05,28.49,113.96,53.72,60.24
TXN00962,2023-04-20,CUST0123,PROD006,Running Jacket,Clothing,West,Mobile App,UPI,2,79.99,0.17,66.39,132.78,72.14,60.64
TXN01797,2023-04-20,CUST0208,PROD009,Winter Coat,Clothing,West,Online,UPI,4,149.99,0.23,115.49,461.96,244.5,217.46
TXN01627,2023-04-20,CUST0158,PROD003,Smart Watch,Electronics,North,In-Store,Cash,3,249.99,0.05,237.49,712.47,342.07,370.4
TXN01392,2023-04-20,CUST0490,PROD023,Business Analytics,Books,South,Mobile App,UPI,5,44.99,0.02,44.09,220.45,125.89,94.56
TXN01695,2023-04-21,CUST0034,PROD005,USB-C Hub,Electronics,West,Mobile App,Net Banking,4,49.99,0.02,48.99,195.96,115.3,80.66
TXN01656,2023-04-22,CUST0049,PROD004,"Tablet 10""",Electronics,North,In-Store,Net Banking,2,399.99,0.04,383.99,767.98,490.9,277.08
TXN00336,2023-04-22,CUST0045,PROD027,Moisturizer SPF30,Beauty,North,Online,Credit Card,4,29.99,0.15,25.49,101.96,54.9,47.06
TXN00246,2023-04-22,CUST0391,PROD030,Perfume 50ml,Beauty,South,Mobile App,Cash,4,69.99,0.19,56.69,226.76,138.41,88.35
TXN01209,2023-04-22,CUST0016,PROD025,ML for Beginners,Books,East,Online,Debit Card,2,29.99,0.05,28.49,56.98,29.8,27.18
TXN01250,2023-04-23,CUST0338,PROD015,Cutting Board,Home & Kitchen,South,In-Store,Net Banking,1,19.99,0.04,19.19,19.19,10.21,8.98
TXN01304,2023-04-23,CUST0228,PROD022,Python Crash Course,Books,East,In-Store,Cash,4,39.99,0.18,32.79,131.16,80.36,50.8
TXN00535,2023-04-23,CUST0347,PROD003,Smart Watch,Electronics,South,In-Store,Net Banking,1,249.99,0.1,224.99,224.99,136.73,88.26
TXN01259,2023-04-23,CUST0017,PROD007,Slim Jeans,Clothing,West,In-Store,Debit Card,4,59.99,0.15,50.99,203.96,95.07,108.89
TXN01351,2023-04-23,CUST0345,PROD026,Vitamin C Serum,Beauty,South,In-Store,Net Banking,2,34.99,0.03,33.94,67.88,35.65,32.23
TXN01129,2023-04-23,CUST0167,PROD028,Lipstick Set,Beauty,East,Online,Cash,5,39.99,0.14,34.39,171.95,105.47,66.48
TXN01148,2023-04-23,CUST0360,PROD024,SQL Mastery,Books,North,Online,UPI,5,34.99,0.14,30.09,150.45,88.57,61.88
TXN01819,2023-04-24,CUST0488,PROD014,Knife Set,Home & Kitchen,West,Online,Net Banking,3,44.99,0.0,44.99,134.97,66.92,68.05
TXN00626,2023-04-24,CUST0381,PROD004,"Tablet 10""",Electronics,South,Online,Credit Card,1,399.99,0.23,307.99,307.99,197.13,110.86
TXN00269,2023-04-24,CUST0380,PROD012,Coffee Maker,Home & Kitchen,South,Online,UPI,3,69.99,0.08,64.39,193.17,88.69,104.48
TXN00366,2023-04-24,CUST0067,PROD016,Yoga Mat,Sports,South,In-Store,UPI,2,34.99,0.03,33.94,67.88,31.38,36.5
TXN00889,2023-04-25,CUST0250,PROD014,Knife Set,Home & Kitchen,East,In-Store,UPI,1,44.99,0.15,38.24,38.24,18.13,20.11
TXN01194,2023-04-25,CUST0260,PROD019,Water Bottle,Sports,East,In-Store,UPI,4,24.99,0.0,24.99,99.96,52.47,47.49
TXN00469,2023-04-25,CUST0381,PROD016,Yoga Mat,Sports,Central,In-Store,Debit Card,5,34.99,0.22,27.29,136.45,81.58,54.87
TXN00505,2023-04-25,CUST0265,PROD026,Vitamin C Serum,Beauty,West,In-Store,UPI,5,34.99,0.06,32.89,164.45,105.99,58.46
TXN00452,2023-04-25,CUST0282,PROD012,Coffee Maker,Home & Kitchen,West,In-Store,Debit Card,3,69.99,0.24,53.19,159.57,73.41,86.16
TXN01507,2023-04-26,CUST0166,PROD011,Air Fryer 5L,Home & Kitchen,West,Online,UPI,5,89.99,0.21,71.09,355.45,161.29,194.16
TXN00947,2023-04-26,CUST0354,PROD011,Air Fryer 5L,Home & Kitchen,West,Online,Debit Card,5,89.99,0.2,71.99,359.95,233.27,126.68
TXN01908,2023-04-26,CUST0375,PROD025,ML for Beginners,Books,North,In-Store,Debit Card,5,29.99,0.23,23.09,115.45,52.47,62.98
TXN00816,2023-04-26,CUST0320,PROD011,Air Fryer 5L,Home & Kitchen,North,Mobile App,Cash,3,89.99,0.25,67.49,202.47,107.39,95.08
TXN01139,2023-04-26,CUST0472,PROD009,Winter Coat,Clothing,West,Mobile App,Credit Card,4,149.99,0.04,143.99,575.96,334.67,241.29
TXN00750,2023-04-26,CUST0165,PROD029,Hair Dryer,Beauty,East,In-Store,Cash,5,59.99,0.22,46.79,233.95,138.16,95.79
TXN00144,2023-04-26,CUST0414,PROD015,Cutting Board,Home & Kitchen,West,Mobile App,Cash,3,19.99,0.03,19.39,58.17,29.42,28.75
TXN01559,2023-04-27,CUST0163,PROD015,Cutting Board,Home & Kitchen,East,Online,Credit Card,5,19.99,0.18,16.39,81.95,50.58,31.37
TXN00895,2023-04-27,CUST0071,PROD012,Coffee Maker,Home & Kitchen,West,In-Store,Net Banking,2,69.99,0.19,56.69,113.38,63.03,50.35
TXN01648,2023-04-27,CUST0084,PROD026,Vitamin C Serum,Beauty,West,Mobile App,Cash,1,34.99,0.05,33.24,33.24,20.6,12.64
TXN00978,2023-04-27,CUST0051,PROD025,ML for Beginners,Books,North,Online,UPI,5,29.99,0.16,25.19,125.95,76.47,49.48
TXN01778,2023-04-27,CUST0463,PROD027,Moisturizer SPF30,Beauty,West,In-Store,Net Banking,3,29.99,0.1,26.99,80.97,38.74,42.23
TXN01581,2023-04-27,CUST0180,PROD014,Knife Set,Home & Kitchen,North,In-Store,Net Banking,1,44.99,0.05,42.74,42.74,22.66,20.08
TXN01618,2023-04-27,CUST0206,PROD006,Running Jacket,Clothing,South,Mobile App,UPI,4,79.99,0.1,71.99,287.96,180.25,107.71
TXN01941,2023-04-27,CUST0267,PROD004,"Tablet 10""",Electronics,Central,Online,UPI,2,399.99,0.19,323.99,647.98,331.7,316.28
TXN01510,2023-04-28,CUST0337,PROD023,Business Analytics,Books,South,Online,UPI,1,44.99,0.08,41.39,41.39,21.24,20.15
TXN01089,2023-04-28,CUST0157,PROD014,Knife Set,Home & Kitchen,North,In-Store,Net Banking,5,44.99,0.24,34.19,170.95,107.06,63.89
TXN00021,2023-04-28,CUST0302,PROD007,Slim Jeans,Clothing,South,Online,Credit Card,1,59.99,0.08,55.19,55.19,31.33,23.86
TXN01867,2023-04-29,CUST0211,PROD021,Data Science Handbook,Books,North,Online,Net Banking,1,49.99,0.03,48.49,48.49,30.51,17.98
TXN01840,2023-04-29,CUST0026,PROD002,Wireless Earbuds,Electronics,East,In-Store,Cash,5,89.99,0.05,85.49,427.45,260.78,166.67
TXN01487,2023-04-29,CUST0110,PROD030,Perfume 50ml,Beauty,East,Mobile App,UPI,2,69.99,0.05,66.49,132.98,62.73,70.25
TXN01374,2023-04-30,CUST0031,PROD024,SQL Mastery,Books,West,In-Store,Net Banking,5,34.99,0.18,28.69,143.45,80.81,62.64
TXN00648,2023-04-30,CUST0363,PROD029,Hair Dryer,Beauty,East,Online,Credit Card,4,59.99,0.2,47.99,191.96,120.31,71.65
TXN00577,2023-04-30,CUST0163,PROD027,Moisturizer SPF30,Beauty,Central,Mobile App,UPI,5,29.99,0.2,23.99,119.95,57.0,62.95
TXN00002,2023-04-30,CUST0259,PROD005,USB-C Hub,Electronics,Central,Online,Cash,4,49.99,0.01,49.49,197.96,92.79,105.17
TXN01859,2023-05-01,CUST0331,PROD017,Dumbbell Set,Sports,West,In-Store,Debit Card,4,79.99,0.23,61.59,246.36,111.71,134.65
TXN01376,2023-05-01,CUST0165,PROD024,SQL Mastery,Books,West,Mobile App,Net Banking,5,34.99,0.12,30.79,153.95,98.82,55.13
TXN00834,2023-05-01,CUST0153,PROD004,"Tablet 10""",Electronics,South,Online,Net Banking,3,399.99,0.08,367.99,1103.97,703.52,400.45
TXN02000,2023-05-01,CUST0433,PROD022,Python Crash Course,Books,Central,Mobile App,Cash,4,39.99,0.0,39.99,159.96,83.53,76.43
TXN00243,2023-05-01,CUST0032,PROD030,Perfume 50ml,Beauty,North,In-Store,UPI,1,69.99,0.07,65.09,65.09,33.97,31.12
TXN00546,2023-05-01,CUST0285,PROD010,Sneakers,Clothing,West,In-Store,Debit Card,2,99.99,0.2,79.99,159.98,95.05,64.93
TXN00053,2023-05-01,CUST0345,PROD030,Perfume 50ml,Beauty,East,Online,Debit Card,3,69.99,0.02,68.59,205.77,131.78,73.99
TXN00027,2023-05-02,CUST0086,PROD030,Perfume 50ml,Beauty,West,In-Store,Net Banking,1,69.99,0.24,53.19,53.19,33.79,19.4
TXN00259,2023-05-02,CUST0155,PROD015,Cutting Board,Home & Kitchen,South,Mobile App,Cash,5,19.99,0.19,16.19,80.95,49.68,31.27
TXN00926,2023-05-02,CUST0253,PROD001,"Laptop Pro 15""",Electronics,Central,Mobile App,Net Banking,2,1199.99,0.06,1127.99,2255.98,1284.56,971.42
TXN00320,2023-05-02,CUST0108,PROD011,Air Fryer 5L,Home & Kitchen,Central,Mobile App,UPI,4,89.99,0.22,70.19,280.76,132.93,147.83
TXN01960,2023-05-02,CUST0423,PROD006,Running Jacket,Clothing,Central,Mobile App,UPI,4,79.99,0.03,77.59,310.36,186.24,124.12
TXN00357,2023-05-02,CUST0215,PROD029,Hair Dryer,Beauty,West,Online,Debit Card,3,59.99,0.03,58.19,174.57,97.05,77.52
TXN01636,2023-05-03,CUST0359,PROD004,"Tablet 10""",Electronics,East,In-Store,Net Banking,3,399.99,0.23,307.99,923.97,425.4,498.57
TXN00312,2023-05-03,CUST0157,PROD025,ML for Beginners,Books,North,Online,UPI,1,29.99,0.17,24.89,24.89,12.76,12.13
TXN01741,2023-05-03,CUST0290,PROD022,Python Crash Course,Books,South,In-Store,UPI,3,39.99,0.23,30.79,92.37,47.56,44.81
TXN00821,2023-05-04,CUST0078,PROD021,Data Science Handbook,Books,East,In-Store,Net Banking,5,49.99,0.05,47.49,237.45,128.82,108.63
TXN01273,2023-05-04,CUST0088,PROD026,Vitamin C Serum,Beauty,Central,Mobile App,Cash,2,34.99,0.04,33.59,67.18,40.24,26.94
TXN01465,2023-05-05,CUST0408,PROD002,Wireless Earbuds,Electronics,West,Online,UPI,3,89.99,0.1,80.99,242.97,125.85,117.12
TXN01437,2023-05-05,CUST0471,PROD018,Resistance Bands,Sports,Central,Mobile App,Net Banking,3,19.99,0.24,15.19,45.57,26.79,18.78
TXN00070,2023-05-05,CUST0053,PROD017,Dumbbell Set,Sports,East,Mobile App,Cash,1,79.99,0.15,67.99,67.99,41.89,26.1
TXN01620,2023-05-06,CUST0112,PROD013,Blender Pro,Home & Kitchen,South,Mobile App,Debit Card,4,59.99,0.03,58.19,232.76,129.41,103.35
TXN00008,2023-05-06,CUST0084,PROD028,Lipstick Set,Beauty,West,In-Store,UPI,1,39.99,0.15,33.99,33.99,16.46,17.53
TXN01610,2023-05-06,CUST0309,PROD014,Knife Set,Home & Kitchen,Central,In-Store,Cash,1,44.99,0.22,35.09,35.09,16.28,18.81
TXN01466,2023-05-06,CUST0388,PROD003,Smart Watch,Electronics,East,In-Store,UPI,1,249.99,0.11,222.49,222.49,131.67,90.82
TXN00629,2023-05-06,CUST0266,PROD021,Data Science Handbook,Books,Central,In-Store,Credit Card,4,49.99,0.11,44.49,177.96,111.32,66.64
TXN00823,2023-05-06,CUST0409,PROD009,Winter Coat,Clothing,East,In-Store,Net Banking,2,149.99,0.03,145.49,290.98,142.11,148.87
TXN01421,2023-05-06,CUST0079,PROD002,Wireless Earbuds,Electronics,Central,In-Store,Credit Card,2,89.99,0.21,71.09,142.18,76.39,65.79
TXN01716,2023-05-06,CUST0371,PROD016,Yoga Mat,Sports,North,In-Store,Net Banking,4,34.99,0.06,32.89,131.56,61.62,69.94
TXN01030,2023-05-07,CUST0309,PROD015,Cutting Board,Home & Kitchen,Central,Mobile App,Debit Card,4,19.99,0.24,15.19,60.76,29.13,31.63
TXN00319,2023-05-07,CUST0153,PROD022,Python Crash Course,Books,North,In-Store,UPI,4,39.99,0.03,38.79,155.16,95.58,59.58
TXN00255,2023-05-07,CUST0236,PROD030,Perfume 50ml,Beauty,East,Online,UPI,4,69.99,0.13,60.89,243.56,149.71,93.85
TXN00928,2023-05-07,CUST0391,PROD003,Smart Watch,Electronics,Central,Mobile App,Debit Card,5,249.99,0.24,189.99,949.95,555.74,394.21
TXN01356,2023-05-07,CUST0340,PROD006,Running Jacket,Clothing,West,Online,Debit Card,3,79.99,0.1,71.99,215.97,116.5,99.47
TXN01246,2023-05-07,CUST0242,PROD023,Business Analytics,Books,North,Online,Credit Card,4,44.99,0.15,38.24,152.96,83.77,69.19
TXN01406,2023-05-07,CUST0158,PROD006,Running Jacket,Clothing,South,Mobile App,Debit Card,2,79.99,0.16,67.19,134.38,72.84,61.54
TXN00431,2023-05-08,CUST0116,PROD022,Python Crash Course,Books,East,In-Store,Debit Card,1,39.99,0.17,33.19,33.19,19.1,14.09
TXN01937,2023-05-08,CUST0076,PROD023,Business Analytics,Books,East,Mobile App,Credit Card,5,44.99,0.1,40.49,202.45,129.65,72.8
TXN01772,2023-05-08,CUST0083,PROD014,Knife Set,Home & Kitchen,Central,Online,Credit Card,2,44.99,0.11,40.04,80.08,47.41,32.67
TXN01240,2023-05-08,CUST0491,PROD020,Jump Rope,Sports,North,Online,Credit Card,4,14.99,0.03,14.54,58.16,26.75,31.41
TXN01901,2023-05-08,CUST0265,PROD013,Blender Pro,Home & Kitchen,South,In-Store,Debit Card,2,59.99,0.14,51.59,103.18,56.21,46.97
TXN00536,2023-05-08,CUST0148,PROD015,Cutting Board,Home & Kitchen,North,In-Store,UPI,5,19.99,0.0,19.99,99.95,61.61,38.34
TXN00571,2023-05-08,CUST0198,PROD014,Knife Set,Home & Kitchen,West,Online,Credit Card,1,44.99,0.03,43.64,43.64,26.34,17.3
TXN01664,2023-05-08,CUST0251,PROD030,Perfume 50ml,Beauty,Central,In-Store,Credit Card,2,69.99,0.18,57.39,114.78,65.64,49.14
TXN01669,2023-05-08,CUST0405,PROD011,Air Fryer 5L,Home & Kitchen,West,In-Store,Credit Card,2,89.99,0.13,78.29,156.58,86.25,70.33
TXN01393,2023-05-09,CUST0351,PROD027,Moisturizer SPF30,Beauty,North,Mobile App,Net Banking,4,29.99,0.14,25.79,103.16,56.53,46.63
TXN00979,2023-05-09,CUST0155,PROD005,USB-C Hub,Electronics,East,Online,Cash,2,49.99,0.08,45.99,91.98,53.81,38.17
TXN01608,2023-05-09,CUST0472,PROD005,USB-C Hub,Electronics,South,In-Store,Net Banking,1,49.99,0.24,37.99,37.99,19.69,18.3
TXN01947,2023-05-09,CUST0432,PROD015,Cutting Board,Home & Kitchen,South,In-Store,Net Banking,3,19.99,0.25,14.99,44.97,26.99,17.98
TXN01765,2023-05-09,CUST0041,PROD002,Wireless Earbuds,Electronics,Central,In-Store,Net Banking,1,89.99,0.15,76.49,76.49,42.88,33.61
TXN00166,2023-05-10,CUST0371,PROD003,Smart Watch,Electronics,Central,Online,UPI,1,249.99,0.14,214.99,214.99,113.37,101.62
TXN00084,2023-05-10,CUST0482,PROD019,Water Bottle,Sports,West,Online,Credit Card,4,24.99,0.09,22.74,90.96,58.5,32.46
TXN00520,2023-05-10,CUST0134,PROD018,Resistance Bands,Sports,Central,In-Store,Cash,1,19.99,0.04,19.19,19.19,11.14,8.05
TXN01635,2023-05-10,CUST0099,PROD025,ML for Beginners,Books,Central,In-Store,Cash,4,29.99,0.25,22.49,89.96,47.05,42.91
TXN01934,2023-05-11,CUST0299,PROD022,Python Crash Course,Books,South,In-Store,Cash,1,39.99,0.18,32.79,32.79,17.73,15.06
TXN00271,2023-05-12,CUST0391,PROD009,Winter Coat,Clothing,West,Mobile App,Net Banking,5,149.99,0.16,125.99,629.95,369.76,260.19
TXN00068,2023-05-12,CUST0393,PROD016,Yoga Mat,Sports,East,Online,Cash,5,34.99,0.24,26.59,132.95,72.19,60.76
TXN01321,2023-05-12,CUST0009,PROD027,Moisturizer SPF30,Beauty,East,Mobile App,Credit Card,1,29.99,0.24,22.79,22.79,14.78,8.01
TXN01432,2023-05-13,CUST0102,PROD006,Running Jacket,Clothing,Central,Mobile App,Net Banking,3,79.99,0.24,60.79,182.37,107.87,74.5
TXN00776,2023-05-13,CUST0322,PROD023,Business Analytics,Books,West,Mobile App,Credit Card,5,44.99,0.12,39.59,197.95,106.34,91.61
TXN00873,2023-05-13,CUST0447,PROD007,Slim Jeans,Clothing,North,In-Store,Cash,2,59.99,0.02,58.79,117.58,76.01,41.57
TXN01763,2023-05-14,CUST0246,PROD018,Resistance Bands,Sports,South,Online,Debit Card,3,19.99,0.06,18.79,56.37,29.5,26.87
TXN01260,2023-05-14,CUST0472,PROD029,Hair Dryer,Beauty,East,Mobile App,UPI,4,59.99,0.1,53.99,215.96,136.23,79.73
TXN01199,2023-05-14,CUST0429,PROD030,Perfume 50ml,Beauty,Central,Online,UPI,4,69.99,0.21,55.29,221.16,127.27,93.89
TXN01490,2023-05-15,CUST0242,PROD020,Jump Rope,Sports,East,In-Store,Debit Card,4,14.99,0.19,12.14,48.56,24.47,24.09
TXN01557,2023-05-15,CUST0394,PROD016,Yoga Mat,Sports,South,Online,Cash,3,34.99,0.11,31.14,93.42,60.55,32.87
TXN01311,2023-05-15,CUST0415,PROD011,Air Fryer 5L,Home & Kitchen,Central,Online,Credit Card,5,89.99,0.19,72.89,364.45,188.51,175.94
TXN00011,2023-05-15,CUST0383,PROD008,Casual T-Shirt,Clothing,Central,In-Store,Cash,2,24.99,0.06,23.49,46.98,26.42,20.56
TXN01245,2023-05-16,CUST0452,PROD004,"Tablet 10""",Electronics,North,Online,Credit Card,4,399.99,0.08,367.99,1471.96,714.64,757.32
TXN00394,2023-05-16,CUST0047,PROD003,Smart Watch,Electronics,Central,In-Store,Debit Card,4,249.99,0.12,219.99,879.96,553.47,326.49
TXN00853,2023-05-16,CUST0265,PROD018,Resistance Bands,Sports,East,In-Store,Debit Card,3,19.99,0.15,16.99,50.97,30.7,20.27
TXN01818,2023-05-16,CUST0154,PROD022,Python Crash Course,Books,North,Online,Cash,3,39.99,0.21,31.59,94.77,46.87,47.9
TXN00242,2023-05-17,CUST0489,PROD012,Coffee Maker,Home & Kitchen,East,In-Store,Cash,1,69.99,0.07,65.09,65.09,32.36,32.73
TXN01752,2023-05-17,CUST0476,PROD007,Slim Jeans,Clothing,Central,In-Store,Debit Card,2,59.99,0.15,50.99,101.98,57.53,44.45
TXN01640,2023-05-17,CUST0043,PROD008,Casual T-Shirt,Clothing,West,Mobile App,Credit Card,3,24.99,0.14,21.49,64.47,35.31,29.16
TXN00277,2023-05-17,CUST0408,PROD007,Slim Jeans,Clothing,West,Online,UPI,5,59.99,0.13,52.19,260.95,159.97,100.98
TXN01040,2023-05-17,CUST0478,PROD010,Sneakers,Clothing,West,In-Store,UPI,1,99.99,0.09,90.99,90.99,50.41,40.58
TXN00347,2023-05-18,CUST0376,PROD025,ML for Beginners,Books,North,Online,UPI,3,29.99,0.04,28.79,86.37,41.06,45.31
TXN01987,2023-05-18,CUST0405,PROD007,Slim Jeans,Clothing,West,Online,Debit Card,2,59.99,0.17,49.79,99.58,59.54,40.04
TXN00882,2023-05-18,CUST0458,PROD021,Data Science Handbook,Books,West,In-Store,Credit Card,4,49.99,0.14,42.99,171.96,96.41,75.55
TXN01079,2023-05-18,CUST0325,PROD027,Moisturizer SPF30,Beauty,South,Mobile App,UPI,5,29.99,0.05,28.49,142.45,82.04,60.41
TXN01896,2023-05-18,CUST0262,PROD020,Jump Rope,Sports,South,In-Store,UPI,1,14.99,0.06,14.09,14.09,6.76,7.33
TXN01366,2023-05-19,CUST0442,PROD026,Vitamin C Serum,Beauty,North,Online,Credit Card,4,34.99,0.16,29.39,117.56,55.99,61.57
TXN01308,2023-05-19,CUST0143,PROD029,Hair Dryer,Beauty,Central,In-Store,UPI,1,59.99,0.01,59.39,59.39,36.66,22.73
TXN01754,2023-05-19,CUST0415,PROD021,Data Science Handbook,Books,West,Online,Credit Card,2,49.99,0.02,48.99,97.98,58.6,39.38
TXN00149,2023-05-20,CUST0111,PROD014,Knife Set,Home & Kitchen,Central,Online,UPI,4,44.99,0.12,39.59,158.36,85.26,73.1
TXN01770,2023-05-20,CUST0263,PROD007,Slim Jeans,Clothing,North,Mobile App,Cash,1,59.99,0.08,55.19,55.19,26.73,28.46
TXN01820,2023-05-21,CUST0275,PROD004,"Tablet 10""",Electronics,Central,In-Store,Credit Card,1,399.99,0.24,303.99,303.99,185.58,118.41
TXN01315,2023-05-21,CUST0186,PROD023,Business Analytics,Books,East,Mobile App,UPI,3,44.99,0.14,38.69,116.07,53.13,62.94
TXN01760,2023-05-21,CUST0128,PROD009,Winter Coat,Clothing,East,Online,Net Banking,2,149.99,0.05,142.49,284.98,148.38,136.6
TXN01980,2023-05-21,CUST0195,PROD010,Sneakers,Clothing,North,Mobile App,Credit Card,2,99.99,0.01,98.99,197.98,113.47,84.51
TXN00137,2023-05-21,CUST0320,PROD001,"Laptop Pro 15""",Electronics,Central,Mobile App,UPI,3,1199.99,0.15,1019.99,3059.97,1417.18,1642.79
TXN00160,2023-05-21,CUST0303,PROD009,Winter Coat,Clothing,North,In-Store,Cash,1,149.99,0.12,131.99,131.99,76.06,55.93
TXN01565,2023-05-21,CUST0014,PROD009,Winter Coat,Clothing,West,Online,Debit Card,1,149.99,0.06,140.99,140.99,67.82,73.17
TXN00230,2023-05-21,CUST0148,PROD029,Hair Dryer,Beauty,North,Mobile App,Cash,3,59.99,0.12,52.79,158.37,89.02,69.35
TXN00330,2023-05-21,CUST0048,PROD007,Slim Jeans,Clothing,East,In-Store,Credit Card,3,59.99,0.04,57.59,172.77,109.98,62.79
TXN01666,2023-05-22,CUST0365,PROD023,Business Analytics,Books,South,In-Store,Credit Card,1,44.99,0.11,40.04,40.04,24.24,15.8
TXN00076,2023-05-22,CUST0285,PROD013,Blender Pro,Home & Kitchen,North,Mobile App,Debit Card,3,59.99,0.22,46.79,140.37,82.85,57.52
TXN01253,2023-05-22,CUST0159,PROD028,Lipstick Set,Beauty,South,Online,Cash,3,39.99,0.1,35.99,107.97,57.6,50.37
TXN01725,2023-05-23,CUST0224,PROD028,Lipstick Set,Beauty,Central,Mobile App,Net Banking,5,39.99,0.03,38.79,193.95,105.65,88.3
TXN00740,2023-05-23,CUST0008,PROD024,SQL Mastery,Books,West,Mobile App,Debit Card,2,34.99,0.15,29.74,59.48,36.72,22.76
TXN01737,2023-05-23,CUST0202,PROD021,Data Science Handbook,Books,East,In-Store,UPI,2,49.99,0.19,40.49,80.98,37.09,43.89
TXN00095,2023-05-23,CUST0093,PROD021,Data Science Handbook,Books,Central,In-Store,Net Banking,2,49.99,0.12,43.99,87.98,51.05,36.93
TXN00473,2023-05-23,CUST0285,PROD007,Slim Jeans,Clothing,East,Online,Debit Card,5,59.99,0.03,58.19,290.95,133.29,157.66
TXN00789,2023-05-23,CUST0486,PROD028,Lipstick Set,Beauty,Central,In-Store,UPI,1,39.99,0.02,39.19,39.19,24.27,14.92
TXN00694,2023-05-23,CUST0130,PROD016,Yoga Mat,Sports,South,Mobile App,UPI,2,34.99,0.13,30.44,60.88,37.76,23.12
TXN01951,2023-05-23,CUST0042,PROD001,"Laptop Pro 15""",Electronics,East,Mobile App,Cash,4,1199.99,0.13,1043.99,4175.96,2390.38,1785.58
TXN01043,2023-05-24,CUST0487,PROD027,Moisturizer SPF30,Beauty,South,In-Store,Net Banking,1,29.99,0.15,25.49,25.49,15.9,9.59
TXN01549,2023-05-24,CUST0432,PROD029,Hair Dryer,Beauty,East,In-Store,Cash,4,59.99,0.01,59.39,237.56,111.9,125.66
TXN00939,2023-05-24,CUST0349,PROD009,Winter Coat,Clothing,East,Online,Credit Card,1,149.99,0.06,140.99,140.99,64.0,76.99
TXN00970,2023-05-24,CUST0447,PROD023,Business Analytics,Books,South,Mobile App,Cash,2,44.99,0.08,41.39,82.78,38.13,44.65
TXN00689,2023-05-24,CUST0239,PROD026,Vitamin C Serum,Beauty,Central,Online,Cash,2,34.99,0.18,28.69,57.38,31.86,25.52
TXN01084,2023-05-25,CUST0283,PROD024,SQL Mastery,Books,East,Mobile App,Credit Card,1,34.99,0.13,30.44,30.44,17.96,12.48
TXN00845,2023-05-25,CUST0373,PROD017,Dumbbell Set,Sports,South,In-Store,Debit Card,4,79.99,0.21,63.19,252.76,144.08,108.68
TXN01140,2023-05-25,CUST0183,PROD017,Dumbbell Set,Sports,North,Mobile App,UPI,1,79.99,0.06,75.19,75.19,48.22,26.97
TXN01056,2023-05-26,CUST0075,PROD012,Coffee Maker,Home & Kitchen,North,Mobile App,UPI,4,69.99,0.17,58.09,232.36,111.41,120.95
TXN01804,2023-05-26,CUST0017,PROD030,Perfume 50ml,Beauty,West,In-Store,Debit Card,1,69.99,0.12,61.59,61.59,30.47,31.12
TXN00665,2023-05-26,CUST0294,PROD023,Business Analytics,Books,South,Online,Credit Card,3,44.99,0.04,43.19,129.57,76.56,53.01
TXN01442,2023-05-26,CUST0140,PROD026,Vitamin C Serum,Beauty,North,In-Store,Debit Card,5,34.99,0.1,31.49,157.45,76.56,80.89
TXN01838,2023-05-26,CUST0168,PROD018,Resistance Bands,Sports,South,Mobile App,Credit Card,3,19.99,0.1,17.99,53.97,24.57,29.4
TXN01342,2023-05-27,CUST0166,PROD025,ML for Beginners,Books,West,In-Store,Debit Card,5,29.99,0.13,26.09,130.45,82.92,47.53
TXN01699,2023-05-27,CUST0187,PROD029,Hair Dryer,Beauty,North,Mobile App,UPI,2,59.99,0.18,49.19,98.38,58.88,39.5
TXN00161,2023-05-27,CUST0040,PROD003,Smart Watch,Electronics,North,Mobile App,Cash,4,249.99,0.11,222.49,889.96,410.61,479.35
TXN00822,2023-05-27,CUST0331,PROD011,Air Fryer 5L,Home & Kitchen,South,In-Store,Cash,2,89.99,0.21,71.09,142.18,71.57,70.61
TXN00403,2023-05-27,CUST0445,PROD021,Data Science Handbook,Books,Central,In-Store,Net Banking,1,49.99,0.14,42.99,42.99,20.21,22.78
TXN00089,2023-05-28,CUST0362,PROD019,Water Bottle,Sports,East,Mobile App,Net Banking,5,24.99,0.12,21.99,109.95,50.2,59.75
TXN01593,2023-05-28,CUST0395,PROD024,SQL Mastery,Books,North,Mobile App,Credit Card,5,34.99,0.1,31.49,157.45,86.52,70.93
TXN00218,2023-05-28,CUST0038,PROD016,Yoga Mat,Sports,West,Mobile App,Net Banking,5,34.99,0.14,30.09,150.45,78.61,71.84
TXN00608,2023-05-28,CUST0008,PROD001,"Laptop Pro 15""",Electronics,East,Mobile App,Credit Card,2,1199.99,0.24,911.99,1823.98,1158.86,665.12
TXN00115,2023-05-28,CUST0347,PROD018,Resistance Bands,Sports,Central,Online,Credit Card,1,19.99,0.22,15.59,15.59,8.47,7.12
TXN00700,2023-05-28,CUST0475,PROD018,Resistance Bands,Sports,West,In-Store,UPI,2,19.99,0.13,17.39,34.78,18.68,16.1
TXN00235,2023-05-28,CUST0165,PROD009,Winter Coat,Clothing,East,Mobile App,Credit Card,4,149.99,0.12,131.99,527.96,258.64,269.32
TXN00111,2023-05-28,CUST0117,PROD021,Data Science Handbook,Books,North,In-Store,Credit Card,5,49.99,0.02,48.99,244.95,141.15,103.8
TXN01016,2023-05-28,CUST0385,PROD011,Air Fryer 5L,Home & Kitchen,North,Online,UPI,5,89.99,0.2,71.99,359.95,191.85,168.1
TXN01816,2023-05-29,CUST0276,PROD016,Yoga Mat,Sports,West,Online,UPI,4,34.99,0.24,26.59,106.36,60.43,45.93
TXN00231,2023-05-29,CUST0022,PROD019,Water Bottle,Sports,East,Mobile App,Credit Card,3,24.99,0.24,18.99,56.97,34.8,22.17
TXN00237,2023-05-29,CUST0449,PROD004,"Tablet 10""",Electronics,North,Online,UPI,4,399.99,0.05,379.99,1519.96,911.67,608.29
TXN00213,2023-05-29,CUST0485,PROD003,Smart Watch,Electronics,West,Mobile App,Net Banking,4,249.99,0.06,234.99,939.96,441.18,498.78
TXN01598,2023-05-29,CUST0003,PROD001,"Laptop Pro 15""",Electronics,South,Mobile App,UPI,4,1199.99,0.05,1139.99,4559.96,2680.7,1879.26
TXN01291,2023-05-29,CUST0473,PROD006,Running Jacket,Clothing,East,In-Store,UPI,5,79.99,0.14,68.79,343.95,156.33,187.62
TXN00499,2023-05-29,CUST0069,PROD014,Knife Set,Home & Kitchen,West,Mobile App,Cash,2,44.99,0.22,35.09,70.18,39.86,30.32
TXN01628,2023-05-29,CUST0156,PROD015,Cutting Board,Home & Kitchen,North,Mobile App,Debit Card,4,19.99,0.12,17.59,70.36,41.56,28.8
TXN00566,2023-05-29,CUST0057,PROD014,Knife Set,Home & Kitchen,West,Mobile App,Net Banking,2,44.99,0.21,35.54,71.08,34.58,36.5
TXN01255,2023-05-29,CUST0320,PROD004,"Tablet 10""",Electronics,Central,Mobile App,Debit Card,2,399.99,0.12,351.99,703.98,337.94,366.04
TXN01463,2023-05-30,CUST0416,PROD026,Vitamin C Serum,Beauty,West,Mobile App,Credit Card,4,34.99,0.12,30.79,123.16,73.31,49.85
TXN01905,2023-05-30,CUST0485,PROD011,Air Fryer 5L,Home & Kitchen,West,Online,UPI,4,89.99,0.22,70.19,280.76,172.5,108.26
TXN01744,2023-05-30,CUST0327,PROD025,ML for Beginners,Books,South,Online,Cash,2,29.99,0.03,29.09,58.18,34.59,23.59
TXN01062,2023-05-30,CUST0460,PROD017,Dumbbell Set,Sports,South,Online,Debit Card,5,79.99,0.03,77.59,387.95,228.58,159.37
TXN00354,2023-05-30,CUST0289,PROD011,Air Fryer 5L,Home & Kitchen,East,Mobile App,Cash,5,89.99,0.11,80.09,400.45,209.75,190.7
TXN00678,2023-05-30,CUST0200,PROD026,Vitamin C Serum,Beauty,Central,Mobile App,Net Banking,2,34.99,0.17,29.04,58.08,31.4,26.68
TXN00182,2023-05-30,CUST0220,PROD021,Data Science Handbook,Books,North,Mobile App,UPI,5,49.99,0.14,42.99,214.95,127.62,87.33
TXN00958,2023-05-30,CUST0189,PROD022,Python Crash Course,Books,North,Mobile App,Cash,2,39.99,0.12,35.19,70.38,40.16,30.22
TXN01564,2023-05-31,CUST0315,PROD023,Business Analytics,Books,Central,Online,UPI,4,44.99,0.03,43.64,174.56,92.0,82.56
TXN00382,2023-05-31,CUST0066,PROD030,Perfume 50ml,Beauty,South,Mobile App,Credit Card,2,69.99,0.09,63.69,127.38,76.02,51.36
TXN00463,2023-05-31,CUST0232,PROD027,Moisturizer SPF30,Beauty,South,Online,Net Banking,3,29.99,0.1,26.99,80.97,41.99,38.98
TXN01805,2023-05-31,CUST0335,PROD029,Hair Dryer,Beauty,West,In-Store,Debit Card,4,59.99,0.09,54.59,218.36,120.49,97.87
TXN00442,2023-06-01,CUST0136,PROD001,"Laptop Pro 15""",Electronics,West,Online,Credit Card,3,1199.99,0.16,1007.99,3023.97,1637.03,1386.94
TXN00468,2023-06-01,CUST0105,PROD008,Casual T-Shirt,Clothing,Central,Online,UPI,3,24.99,0.04,23.99,71.97,33.28,38.69
TXN01014,2023-06-01,CUST0104,PROD010,Sneakers,Clothing,South,In-Store,Debit Card,1,99.99,0.01,98.99,98.99,51.96,47.03
TXN01169,2023-06-01,CUST0083,PROD021,Data Science Handbook,Books,North,In-Store,Cash,4,49.99,0.02,48.99,195.96,100.48,95.48
TXN01341,2023-06-02,CUST0253,PROD025,ML for Beginners,Books,East,Online,Cash,3,29.99,0.24,22.79,68.37,32.09,36.28
TXN00426,2023-06-02,CUST0212,PROD010,Sneakers,Clothing,North,Online,Debit Card,1,99.99,0.22,77.99,77.99,41.05,36.94
TXN00229,2023-06-02,CUST0395,PROD007,Slim Jeans,Clothing,East,Mobile App,Debit Card,3,59.99,0.14,51.59,154.77,76.61,78.16
TXN00104,2023-06-02,CUST0429,PROD018,Resistance Bands,Sports,Central,Mobile App,Net Banking,5,19.99,0.07,18.59,92.95,41.88,51.07
TXN00278,2023-06-03,CUST0351,PROD019,Water Bottle,Sports,North,Mobile App,Credit Card,5,24.99,0.06,23.49,117.45,69.23,48.22
TXN01484,2023-06-03,CUST0136,PROD015,Cutting Board,Home & Kitchen,Central,Online,UPI,4,19.99,0.13,17.39,69.56,44.54,25.02
TXN01418,2023-06-03,CUST0454,PROD024,SQL Mastery,Books,Central,Mobile App,Cash,5,34.99,0.01,34.64,173.2,95.68,77.52
TXN00716,2023-06-03,CUST0357,PROD010,Sneakers,Clothing,West,Online,UPI,1,99.99,0.24,75.99,75.99,44.24,31.75
TXN01836,2023-06-03,CUST0341,PROD018,Resistance Bands,Sports,South,Mobile App,UPI,1,19.99,0.21,15.79,15.79,7.28,8.51
TXN00780,2023-06-04,CUST0139,PROD023,Business Analytics,Books,East,Online,Cash,3,44.99,0.21,35.54,106.62,62.59,44.03
TXN01032,2023-06-04,CUST0257,PROD009,Winter Coat,Clothing,Central,Mobile App,Net Banking,2,149.99,0.21,118.49,236.98,118.63,118.35
TXN01638,2023-06-04,CUST0195,PROD002,Wireless Earbuds,Electronics,South,In-Store,Net Banking,5,89.99,0.0,89.99,449.95,254.1,195.85
TXN00587,2023-06-05,CUST0040,PROD023,Business Analytics,Books,South,Mobile App,Credit Card,5,44.99,0.01,44.54,222.7,103.35,119.35
TXN01279,2023-06-05,CUST0473,PROD014,Knife Set,Home & Kitchen,West,Online,Net Banking,2,44.99,0.07,41.84,83.68,50.42,33.26
TXN00126,2023-06-05,CUST0253,PROD029,Hair Dryer,Beauty,North,Online,Debit Card,1,59.99,0.03,58.19,58.19,37.2,20.99
TXN00092,2023-06-05,CUST0359,PROD030,Perfume 50ml,Beauty,West,In-Store,Cash,3,69.99,0.11,62.29,186.87,101.61,85.26
TXN00205,2023-06-05,CUST0085,PROD020,Jump Rope,Sports,South,In-Store,Debit Card,1,14.99,0.21,11.84,11.84,6.55,5.29
TXN00298,2023-06-05,CUST0124,PROD026,Vitamin C Serum,Beauty,East,Mobile App,Debit Card,4,34.99,0.17,29.04,116.16,55.51,60.65
TXN00984,2023-06-06,CUST0483,PROD021,Data Science Handbook,Books,North,In-Store,UPI,3,49.99,0.03,48.49,145.47,90.88,54.59
TXN00811,2023-06-06,CUST0059,PROD028,Lipstick Set,Beauty,East,Online,Credit Card,5,39.99,0.02,39.19,195.95,115.14,80.81
TXN00606,2023-06-06,CUST0087,PROD012,Coffee Maker,Home & Kitchen,East,Mobile App,Net Banking,3,69.99,0.09,63.69,191.07,111.03,80.04
TXN00415,2023-06-06,CUST0365,PROD021,Data Science Handbook,Books,East,In-Store,Net Banking,2,49.99,0.06,46.99,93.98,57.42,36.56
TXN00522,2023-06-07,CUST0296,PROD008,Casual T-Shirt,Clothing,East,Mobile App,Net Banking,5,24.99,0.14,21.49,107.45,53.81,53.64
TXN01903,2023-06-07,CUST0209,PROD027,Moisturizer SPF30,Beauty,East,Online,Credit Card,5,29.99,0.14,25.79,128.95,75.29,53.66
TXN01907,2023-06-07,CUST0211,PROD012,Coffee Maker,Home & Kitchen,East,In-Store,Cash,1,69.99,0.17,58.09,58.09,31.6,26.49
TXN00656,2023-06-07,CUST0362,PROD010,Sneakers,Clothing,East,Mobile App,Credit Card,5,99.99,0.1,89.99,449.95,256.04,193.91
TXN00721,2023-06-07,CUST0421,PROD002,Wireless Earbuds,Electronics,North,In-Store,Cash,2,89.99,0.0,89.99,179.98,103.76,76.22
TXN01491,2023-06-07,CUST0218,PROD013,Blender Pro,Home & Kitchen,Central,In-Store,Net Banking,3,59.99,0.21,47.39,142.17,72.94,69.23
TXN00017,2023-06-07,CUST0123,PROD014,Knife Set,Home & Kitchen,North,Online,Cash,1,44.99,0.03,43.64,43.64,22.81,20.83
TXN00040,2023-06-07,CUST0187,PROD015,Cutting Board,Home & Kitchen,North,In-Store,Debit Card,5,19.99,0.04,19.19,95.95,45.62,50.33
TXN00250,2023-06-07,CUST0371,PROD020,Jump Rope,Sports,North,In-Store,UPI,1,14.99,0.14,12.89,12.89,7.53,5.36
TXN00919,2023-06-08,CUST0288,PROD006,Running Jacket,Clothing,North,Mobile App,Cash,5,79.99,0.16,67.19,335.95,203.02,132.93
TXN00557,2023-06-08,CUST0118,PROD022,Python Crash Course,Books,South,Mobile App,UPI,1,39.99,0.16,33.59,33.59,21.06,12.53
TXN00560,2023-06-08,CUST0466,PROD020,Jump Rope,Sports,East,In-Store,Cash,4,14.99,0.13,13.04,52.16,30.14,22.02
TXN00992,2023-06-08,CUST0301,PROD014,Knife Set,Home & Kitchen,South,Mobile App,Net Banking,4,44.99,0.04,43.19,172.76,97.61,75.15
TXN00156,2023-06-08,CUST0382,PROD020,Jump Rope,Sports,East,Online,UPI,4,14.99,0.13,13.04,52.16,27.6,24.56
TXN01396,2023-06-08,CUST0169,PROD009,Winter Coat,Clothing,North,In-Store,UPI,3,149.99,0.13,130.49,391.47,176.6,214.87
TXN00244,2023-06-09,CUST0354,PROD009,Winter Coat,Clothing,North,Mobile App,UPI,5,149.99,0.23,115.49,577.45,362.38,215.07
TXN01660,2023-06-09,CUST0351,PROD016,Yoga Mat,Sports,Central,In-Store,Cash,3,34.99,0.16,29.39,88.17,45.65,42.52
TXN00406,2023-06-09,CUST0144,PROD013,Blender Pro,Home & Kitchen,West,Mobile App,Credit Card,1,59.99,0.08,55.19,55.19,33.6,21.59
TXN00618,2023-06-09,CUST0466,PROD027,Moisturizer SPF30,Beauty,Central,In-Store,Net Banking,4,29.99,0.06,28.19,112.76,54.19,58.57
TXN01580,2023-06-09,CUST0182,PROD029,Hair Dryer,Beauty,South,Mobile App,Net Banking,2,59.99,0.21,47.39,94.78,46.12,48.66
TXN00196,2023-06-10,CUST0333,PROD016,Yoga Mat,Sports,East,Online,Credit Card,5,34.99,0.03,33.94,169.7,88.82,80.88
TXN01072,2023-06-10,CUST0063,PROD010,Sneakers,Clothing,North,Online,Cash,2,99.99,0.0,99.99,199.98,107.88,92.1
TXN01318,2023-06-10,CUST0489,PROD005,USB-C Hub,Electronics,North,In-Store,Debit Card,1,49.99,0.07,46.49,46.49,26.6,19.89
TXN00703,2023-06-10,CUST0281,PROD010,Sneakers,Clothing,North,Mobile App,Credit Card,3,99.99,0.17,82.99,248.97,161.49,87.48
TXN01263,2023-06-10,CUST0258,PROD019,Water Bottle,Sports,East,In-Store,UPI,1,24.99,0.03,24.24,24.24,13.05,11.19
TXN00334,2023-06-10,CUST0189,PROD009,Winter Coat,Clothing,East,Online,Net Banking,1,149.99,0.18,122.99,122.99,57.87,65.12
TXN01172,2023-06-10,CUST0192,PROD022,Python Crash Course,Books,North,Mobile App,Net Banking,4,39.99,0.09,36.39,145.56,90.1,55.46
TXN00448,2023-06-10,CUST0007,PROD004,"Tablet 10""",Electronics,Central,Mobile App,Cash,4,399.99,0.01,395.99,1583.96,795.66,788.3
TXN00793,2023-06-10,CUST0064,PROD019,Water Bottle,Sports,West,Online,Cash,2,24.99,0.13,21.74,43.48,23.11,20.37
TXN00828,2023-06-10,CUST0169,PROD016,Yoga Mat,Sports,Central,Mobile App,Net Banking,2,34.99,0.15,29.74,59.48,35.96,23.52
TXN00464,2023-06-10,CUST0365,PROD025,ML for Beginners,Books,Central,Mobile App,Debit Card,3,29.99,0.21,23.69,71.07,39.77,31.3
TXN00838,2023-06-10,CUST0295,PROD027,Moisturizer SPF30,Beauty,North,Online,Debit Card,1,29.99,0.1,26.99,26.99,15.54,11.45
TXN01400,2023-06-10,CUST0050,PROD016,Yoga Mat,Sports,Central,In-Store,Debit Card,1,34.99,0.11,31.14,31.14,18.44,12.7
TXN01075,2023-06-10,CUST0268,PROD015,Cutting Board,Home & Kitchen,East,Mobile App,Cash,4,19.99,0.03,19.39,77.56,42.51,35.05
TXN00654,2023-06-11,CUST0285,PROD026,Vitamin C Serum,Beauty,Central,Online,Debit Card,5,34.99,0.07,32.54,162.7,96.81,65.89
TXN01673,2023-06-11,CUST0426,PROD001,"Laptop Pro 15""",Electronics,West,Mobile App,Credit Card,3,1199.99,0.14,1031.99,3095.97,1621.56,1474.41
TXN01080,2023-06-11,CUST0404,PROD025,ML for Beginners,Books,West,In-Store,Credit Card,5,29.99,0.04,28.79,143.95,88.43,55.52
TXN01041,2023-06-11,CUST0419,PROD024,SQL Mastery,Books,South,In-Store,Net Banking,3,34.99,0.09,31.84,95.52,59.99,35.53
TXN01833,2023-06-11,CUST0442,PROD028,Lipstick Set,Beauty,West,Online,Debit Card,3,39.99,0.1,35.99,107.97,66.67,41.3
TXN00010,2023-06-11,CUST0109,PROD011,Air Fryer 5L,Home & Kitchen,West,In-Store,Net Banking,2,89.99,0.23,69.29,138.58,78.08,60.5
TXN01448,2023-06-11,CUST0232,PROD002,Wireless Earbuds,Electronics,West,Online,Debit Card,5,89.99,0.09,81.89,409.45,208.15,201.3
TXN00203,2023-06-12,CUST0329,PROD024,SQL Mastery,Books,North,In-Store,Net Banking,4,34.99,0.21,27.64,110.56,51.38,59.18
TXN01997,2023-06-12,CUST0024,PROD030,Perfume 50ml,Beauty,North,Mobile App,UPI,1,69.99,0.06,65.79,65.79,35.21,30.58
TXN01401,2023-06-12,CUST0460,PROD030,Perfume 50ml,Beauty,South,Mobile App,UPI,1,69.99,0.08,64.39,64.39,37.63,26.76
TXN00621,2023-06-12,CUST0430,PROD005,USB-C Hub,Electronics,South,Mobile App,Credit Card,5,49.99,0.24,37.99,189.95,89.98,99.97
TXN01655,2023-06-12,CUST0196,PROD009,Winter Coat,Clothing,South,In-Store,UPI,4,149.99,0.24,113.99,455.96,284.83,171.13
TXN01652,2023-06-13,CUST0231,PROD015,Cutting Board,Home & Kitchen,East,Mobile App,Net Banking,1,19.99,0.14,17.19,17.19,10.24,6.95
TXN01054,2023-06-13,CUST0395,PROD025,ML for Beginners,Books,East,Mobile App,Debit Card,2,29.99,0.21,23.69,47.38,30.61,16.77
TXN00199,2023-06-13,CUST0342,PROD009,Winter Coat,Clothing,East,Mobile App,Credit Card,1,149.99,0.2,119.99,119.99,77.22,42.77
TXN01213,2023-06-13,CUST0319,PROD019,Water Bottle,Sports,North,Mobile App,Net Banking,4,24.99,0.15,21.24,84.96,42.85,42.11
TXN01680,2023-06-13,CUST0166,PROD007,Slim Jeans,Clothing,West,Mobile App,Net Banking,2,59.99,0.24,45.59,91.18,43.54,47.64
TXN00839,2023-06-13,CUST0232,PROD010,Sneakers,Clothing,West,Mobile App,Debit Card,2,99.99,0.21,78.99,157.98,92.76,65.22
TXN01665,2023-06-14,CUST0042,PROD015,Cutting Board,Home & Kitchen,Central,In-Store,Net Banking,1,19.99,0.1,17.99,17.99,8.63,9.36
TXN00267,2023-06-14,CUST0398,PROD010,Sneakers,Clothing,East,In-Store,Net Banking,2,99.99,0.1,89.99,179.98,89.61,90.37
TXN01316,2023-06-14,CUST0429,PROD030,Perfume 50ml,Beauty,East,Online,Net Banking,1,69.99,0.03,67.89,67.89,38.27,29.62
TXN00407,2023-06-14,CUST0138,PROD007,Slim Jeans,Clothing,West,Mobile App,Credit Card,3,59.99,0.24,45.59,136.77,73.67,63.1
TXN00462,2023-06-14,CUST0259,PROD007,Slim Jeans,Clothing,West,In-Store,Cash,1,59.99,0.1,53.99,53.99,30.78,23.21
TXN00972,2023-06-14,CUST0365,PROD030,Perfume 50ml,Beauty,East,Mobile App,Net Banking,3,69.99,0.12,61.59,184.77,100.3,84.47
TXN01717,2023-06-15,CUST0159,PROD028,Lipstick Set,Beauty,Central,Mobile App,Net Banking,2,39.99,0.15,33.99,67.98,36.97,31.01
TXN00380,2023-06-15,CUST0070,PROD003,Smart Watch,Electronics,South,Mobile App,Net Banking,4,249.99,0.15,212.49,849.96,439.69,410.27
TXN01525,2023-06-15,CUST0337,PROD014,Knife Set,Home & Kitchen,Central,In-Store,Cash,4,44.99,0.22,35.09,140.36,70.37,69.99
TXN00847,2023-06-15,CUST0499,PROD029,Hair Dryer,Beauty,West,Mobile App,Debit Card,1,59.99,0.0,59.99,59.99,28.59,31.4
TXN00075,2023-06-16,CUST0094,PROD025,ML for Beginners,Books,West,Online,UPI,4,29.99,0.08,27.59,110.36,60.57,49.79
TXN01995,2023-06-16,CUST0151,PROD001,"Laptop Pro 15""",Electronics,West,Online,UPI,3,1199.99,0.05,1139.99,3419.97,1749.37,1670.6
TXN00401,2023-06-16,CUST0439,PROD011,Air Fryer 5L,Home & Kitchen,East,Mobile App,Net Banking,1,89.99,0.1,80.99,80.99,42.88,38.11
TXN00344,2023-06-17,CUST0201,PROD005,USB-C Hub,Electronics,Central,Mobile App,Credit Card,2,49.99,0.24,37.99,75.98,36.55,39.43
TXN00285,2023-06-17,CUST0016,PROD015,Cutting Board,Home & Kitchen,East,In-Store,Net Banking,5,19.99,0.24,15.19,75.95,40.2,35.75
TXN01221,2023-06-17,CUST0303,PROD014,Knife Set,Home & Kitchen,West,Online,Cash,1,44.99,0.03,43.64,43.64,21.13,22.51
TXN01879,2023-06-18,CUST0454,PROD030,Perfume 50ml,Beauty,West,Online,Cash,5,69.99,0.22,54.59,272.95,172.89,100.06
TXN00168,2023-06-18,CUST0417,PROD026,Vitamin C Serum,Beauty,South,Mobile App,Cash,3,34.99,0.14,30.09,90.27,52.24,38.03
TXN00044,2023-06-18,CUST0143,PROD012,Coffee Maker,Home & Kitchen,North,In-Store,UPI,2,69.99,0.01,69.29,138.58,67.71,70.87
TXN01361,2023-06-18,CUST0067,PROD022,Python Crash Course,Books,Central,Mobile App,Credit Card,1,39.99,0.24,30.39,30.39,17.4,12.99
TXN01822,2023-06-18,CUST0091,PROD011,Air Fryer 5L,Home & Kitchen,Central,Mobile App,Debit Card,2,89.99,0.23,69.29,138.58,73.14,65.44
TXN00022,2023-06-19,CUST0037,PROD026,Vitamin C Serum,Beauty,Central,Online,UPI,2,34.99,0.02,34.29,68.58,31.29,37.29
TXN00384,2023-06-19,CUST0382,PROD022,Python Crash Course,Books,North,Online,UPI,5,39.99,0.03,38.79,193.95,106.52,87.43
TXN01663,2023-06-19,CUST0358,PROD014,Knife Set,Home & Kitchen,South,Online,UPI,3,44.99,0.14,38.69,116.07,65.63,50.44
TXN00986,2023-06-19,CUST0291,PROD005,USB-C Hub,Electronics,Central,Mobile App,Cash,1,49.99,0.23,38.49,38.49,18.5,19.99
TXN01103,2023-06-19,CUST0462,PROD002,Wireless Earbuds,Electronics,North,Online,Debit Card,3,89.99,0.01,89.09,267.27,141.36,125.91
TXN00045,2023-06-19,CUST0481,PROD030,Perfume 50ml,Beauty,North,Online,UPI,4,69.99,0.17,58.09,232.36,143.77,88.59
TXN00048,2023-06-19,CUST0320,PROD022,Python Crash Course,Books,East,Mobile App,Credit Card,3,39.99,0.11,35.59,106.77,68.31,38.46
TXN00424,2023-06-19,CUST0191,PROD008,Casual T-Shirt,Clothing,East,Mobile App,UPI,2,24.99,0.19,20.24,40.48,20.7,19.78
TXN01909,2023-06-19,CUST0372,PROD025,ML for Beginners,Books,South,In-Store,Cash,5,29.99,0.04,28.79,143.95,93.06,50.89
TXN00239,2023-06-19,CUST0084,PROD010,Sneakers,Clothing,West,Mobile App,UPI,4,99.99,0.07,92.99,371.96,227.55,144.41
TXN00495,2023-06-19,CUST0450,PROD009,Winter Coat,Clothing,West,In-Store,Net Banking,3,149.99,0.21,118.49,355.47,169.51,185.96
TXN00042,2023-06-20,CUST0401,PROD007,Slim Jeans,Clothing,West,Mobile App,Debit Card,2,59.99,0.22,46.79,93.58,42.57,51.01
TXN01796,2023-06-20,CUST0481,PROD019,Water Bottle,Sports,East,Online,UPI,2,24.99,0.1,22.49,44.98,29.04,15.94
TXN00294,2023-06-21,CUST0221,PROD015,Cutting Board,Home & Kitchen,Central,Online,UPI,4,19.99,0.2,15.99,63.96,33.0,30.96
TXN01812,2023-06-21,CUST0076,PROD002,Wireless Earbuds,Electronics,North,Online,Debit Card,3,89.99,0.1,80.99,242.97,133.0,109.97
TXN01783,2023-06-21,CUST0409,PROD022,Python Crash Course,Books,Central,In-Store,UPI,5,39.99,0.09,36.39,181.95,98.19,83.76
TXN01189,2023-06-21,CUST0059,PROD013,Blender Pro,Home & Kitchen,South,In-Store,Net Banking,5,59.99,0.11,53.39,266.95,172.13,94.82
TXN00385,2023-06-21,CUST0229,PROD012,Coffee Maker,Home & Kitchen,North,In-Store,Debit Card,1,69.99,0.21,55.29,55.29,32.29,23.0
TXN00059,2023-06-21,CUST0164,PROD014,Knife Set,Home & Kitchen,Central,Online,Debit Card,1,44.99,0.18,36.89,36.89,18.33,18.56
TXN01454,2023-06-21,CUST0391,PROD007,Slim Jeans,Clothing,West,Mobile App,Debit Card,4,59.99,0.07,55.79,223.16,124.2,98.96
TXN00063,2023-06-22,CUST0343,PROD017,Dumbbell Set,Sports,West,Mobile App,Debit Card,3,79.99,0.11,71.19,213.57,97.35,116.22
TXN01337,2023-06-22,CUST0460,PROD009,Winter Coat,Clothing,East,Mobile App,Cash,5,149.99,0.06,140.99,704.95,358.59,346.36
TXN00552,2023-06-22,CUST0216,PROD014,Knife Set,Home & Kitchen,Central,Mobile App,Net Banking,2,44.99,0.22,35.09,70.18,40.57,29.61
TXN01924,2023-06-22,CUST0122,PROD024,SQL Mastery,Books,West,In-Store,Net Banking,1,34.99,0.21,27.64,27.64,15.92,11.72
TXN00884,2023-06-23,CUST0472,PROD017,Dumbbell Set,Sports,Central,Mobile App,Net Banking,5,79.99,0.05,75.99,379.95,240.06,139.89
TXN00954,2023-06-23,CUST0334,PROD019,Water Bottle,Sports,North,In-Store,Cash,4,24.99,0.22,19.49,77.96,44.74,33.22
TXN00576,2023-06-23,CUST0477,PROD002,Wireless Earbuds,Electronics,North,Online,UPI,2,89.99,0.12,79.19,158.38,93.0,65.38
TXN00139,2023-06-23,CUST0424,PROD027,Moisturizer SPF30,Beauty,West,In-Store,Net Banking,4,29.99,0.11,26.69,106.76,52.92,53.84
TXN00449,2023-06-23,CUST0266,PROD030,Perfume 50ml,Beauty,Central,Mobile App,Cash,2,69.99,0.24,53.19,106.38,62.12,44.26
TXN00014,2023-06-24,CUST0058,PROD001,"Laptop Pro 15""",Electronics,East,In-Store,Debit Card,5,1199.99,0.19,971.99,4859.95,2934.05,1925.9
TXN01333,2023-06-24,CUST0161,PROD030,Perfume 50ml,Beauty,North,Online,Net Banking,2,69.99,0.15,59.49,118.98,72.48,46.5
TXN01052,2023-06-24,CUST0380,PROD008,Casual T-Shirt,Clothing,Central,Online,Credit Card,1,24.99,0.07,23.24,23.24,10.98,12.26
TXN01404,2023-06-24,CUST0239,PROD026,Vitamin C Serum,Beauty,Central,Mobile App,Credit Card,3,34.99,0.07,32.54,97.62,50.78,46.84
TXN00949,2023-06-24,CUST0427,PROD023,Business Analytics,Books,North,In-Store,Cash,3,44.99,0.06,42.29,126.87,69.11,57.76
TXN00804,2023-06-25,CUST0415,PROD008,Casual T-Shirt,Clothing,Central,Mobile App,Credit Card,4,24.99,0.12,21.99,87.96,44.19,43.77
TXN00037,2023-06-25,CUST0105,PROD005,USB-C Hub,Electronics,East,Mobile App,Net Banking,2,49.99,0.07,46.49,92.98,53.09,39.89
TXN01038,2023-06-25,CUST0016,PROD003,Smart Watch,Electronics,Central,Online,Net Banking,1,249.99,0.09,227.49,227.49,114.96,112.53
TXN00489,2023-06-26,CUST0109,PROD020,Jump Rope,Sports,West,Mobile App,Cash,5,14.99,0.24,11.39,56.95,29.1,27.85
TXN01085,2023-06-26,CUST0413,PROD002,Wireless Earbuds,Electronics,Central,Mobile App,Cash,3,89.99,0.24,68.39,205.17,108.31,96.86
TXN00372,2023-06-26,CUST0468,PROD004,"Tablet 10""",Electronics,Central,Mobile App,UPI,3,399.99,0.12,351.99,1055.97,640.22,415.75
TXN00768,2023-06-26,CUST0180,PROD029,Hair Dryer,Beauty,East,In-Store,Cash,3,59.99,0.1,53.99,161.97,73.28,88.69
TXN00046,2023-06-26,CUST0374,PROD010,Sneakers,Clothing,East,In-Store,Cash,3,99.99,0.01,98.99,296.97,169.07,127.9
TXN00698,2023-06-26,CUST0028,PROD029,Hair Dryer,Beauty,East,Online,Credit Card,2,59.99,0.05,56.99,113.98,68.03,45.95
TXN01207,2023-06-27,CUST0248,PROD030,Perfume 50ml,Beauty,Central,Mobile App,Cash,1,69.99,0.03,67.89,67.89,35.21,32.68
TXN00980,2023-06-27,CUST0401,PROD010,Sneakers,Clothing,West,In-Store,Cash,3,99.99,0.0,99.99,299.97,152.95,147.02
TXN01126,2023-06-27,CUST0324,PROD002,Wireless Earbuds,Electronics,Central,In-Store,UPI,2,89.99,0.13,78.29,156.58,70.5,86.08
TXN01523,2023-06-28,CUST0460,PROD020,Jump Rope,Sports,South,Online,Net Banking,5,14.99,0.04,14.39,71.95,33.82,38.13
TXN00810,2023-06-29,CUST0029,PROD016,Yoga Mat,Sports,South,Online,Debit Card,4,34.99,0.09,31.84,127.36,66.41,60.95
TXN01543,2023-06-29,CUST0037,PROD009,Winter Coat,Clothing,South,In-Store,Debit Card,4,149.99,0.15,127.49,509.96,254.83,255.13
TXN01384,2023-06-29,CUST0326,PROD001,"Laptop Pro 15""",Electronics,Central,Online,UPI,5,1199.99,0.12,1055.99,5279.95,2541.19,2738.76
TXN01362,2023-06-30,CUST0393,PROD026,Vitamin C Serum,Beauty,Central,Online,Credit Card,4,34.99,0.02,34.29,137.16,81.05,56.11
TXN00079,2023-06-30,CUST0360,PROD023,Business Analytics,Books,West,In-Store,UPI,4,44.99,0.25,33.74,134.96,75.59,59.37
TXN01231,2023-06-30,CUST0286,PROD006,Running Jacket,Clothing,South,Mobile App,Debit Card,3,79.99,0.19,64.79,194.37,115.12,79.25
TXN00228,2023-07-01,CUST0347,PROD012,Coffee Maker,Home & Kitchen,East,Mobile App,Net Banking,4,69.99,0.23,53.89,215.56,111.76,103.8
TXN01088,2023-07-01,CUST0409,PROD030,Perfume 50ml,Beauty,West,Mobile App,UPI,4,69.99,0.18,57.39,229.56,111.71,117.85
TXN01511,2023-07-01,CUST0014,PROD009,Winter Coat,Clothing,South,In-Store,Credit Card,3,149.99,0.06,140.99,422.97,268.15,154.82
TXN00142,2023-07-01,CUST0448,PROD025,ML for Beginners,Books,West,Mobile App,Credit Card,5,29.99,0.08,27.59,137.95,65.45,72.5
TXN01162,2023-07-02,CUST0385,PROD003,Smart Watch,Electronics,East,In-Store,Cash,1,249.99,0.24,189.99,189.99,85.82,104.17
TXN01355,2023-07-02,CUST0279,PROD014,Knife Set,Home & Kitchen,West,In-Store,Credit Card,4,44.99,0.2,35.99,143.96,76.07,67.89
TXN00595,2023-07-02,CUST0080,PROD025,ML for Beginners,Books,South,In-Store,UPI,5,29.99,0.04,28.79,143.95,65.86,78.09
TXN00681,2023-07-03,CUST0057,PROD021,Data Science Handbook,Books,East,Online,Debit Card,1,49.99,0.18,40.99,40.99,25.17,15.82
TXN00714,2023-07-03,CUST0171,PROD029,Hair Dryer,Beauty,East,In-Store,Credit Card,1,59.99,0.14,51.59,51.59,32.86,18.73
TXN01726,2023-07-03,CUST0244,PROD001,"Laptop Pro 15""",Electronics,West,Mobile App,Debit Card,1,1199.99,0.07,1115.99,1115.99,713.93,402.06
TXN00475,2023-07-03,CUST0038,PROD005,USB-C Hub,Electronics,East,Mobile App,Debit Card,3,49.99,0.12,43.99,131.97,74.5,57.47
TXN01317,2023-07-03,CUST0246,PROD016,Yoga Mat,Sports,Central,Online,Net Banking,4,34.99,0.0,34.99,139.96,64.02,75.94
TXN00875,2023-07-04,CUST0354,PROD029,Hair Dryer,Beauty,West,In-Store,Credit Card,3,59.99,0.15,50.99,152.97,98.63,54.34
TXN01251,2023-07-04,CUST0106,PROD002,Wireless Earbuds,Electronics,North,Online,Net Banking,5,89.99,0.19,72.89,364.45,234.95,129.5
TXN00643,2023-07-04,CUST0477,PROD025,ML for Beginners,Books,North,Online,UPI,2,29.99,0.24,22.79,45.58,27.34,18.24
TXN00549,2023-07-04,CUST0185,PROD014,Knife Set,Home & Kitchen,Central,Mobile App,UPI,1,44.99,0.11,40.04,40.04,20.7,19.34
TXN00907,2023-07-04,CUST0233,PROD022,Python Crash Course,Books,North,Online,Net Banking,1,39.99,0.08,36.79,36.79,20.84,15.95
TXN00683,2023-07-04,CUST0431,PROD027,Moisturizer SPF30,Beauty,West,Online,UPI,4,29.99,0.03,29.09,116.36,65.29,51.07
TXN01515,2023-07-04,CUST0245,PROD017,Dumbbell Set,Sports,East,Mobile App,Credit Card,2,79.99,0.25,59.99,119.98,73.18,46.8
TXN00586,2023-07-04,CUST0286,PROD029,Hair Dryer,Beauty,West,In-Store,Credit Card,1,59.99,0.12,52.79,52.79,30.5,22.29
TXN01029,2023-07-05,CUST0324,PROD017,Dumbbell Set,Sports,North,Mobile App,Debit Card,2,79.99,0.12,70.39,140.78,89.3,51.48
TXN00831,2023-07-05,CUST0244,PROD027,Moisturizer SPF30,Beauty,East,In-Store,Credit Card,3,29.99,0.22,23.39,70.17,44.73,25.44
TXN00155,2023-07-05,CUST0046,PROD012,Coffee Maker,Home & Kitchen,West,Online,Debit Card,5,69.99,0.12,61.59,307.95,181.05,126.9
TXN00892,2023-07-05,CUST0081,PROD021,Data Science Handbook,Books,East,Mobile App,Net Banking,2,49.99,0.16,41.99,83.98,52.42,31.56
TXN00940,2023-07-05,CUST0019,PROD023,Business Analytics,Books,East,In-Store,Cash,2,44.99,0.06,42.29,84.58,46.41,38.17
TXN01452,2023-07-05,CUST0323,PROD012,Coffee Maker,Home & Kitchen,North,Mobile App,UPI,4,69.99,0.23,53.89,215.56,109.03,106.53
TXN01331,2023-07-05,CUST0335,PROD011,Air Fryer 5L,Home & Kitchen,West,Mobile App,Debit Card,3,89.99,0.14,77.39,232.17,108.03,124.14
TXN01159,2023-07-05,CUST0309,PROD014,Knife Set,Home & Kitchen,East,Online,Debit Card,2,44.99,0.07,41.84,83.68,39.4,44.28
TXN01234,2023-07-06,CUST0198,PROD027,Moisturizer SPF30,Beauty,West,Mobile App,Cash,5,29.99,0.03,29.09,145.45,69.24,76.21
TXN00007,2023-07-06,CUST0084,PROD006,Running Jacket,Clothing,East,In-Store,Debit Card,4,79.99,0.07,74.39,297.56,171.73,125.83
TXN01171,2023-07-06,CUST0440,PROD027,Moisturizer SPF30,Beauty,East,In-Store,Net Banking,1,29.99,0.24,22.79,22.79,12.48,10.31
TXN01101,2023-07-06,CUST0220,PROD008,Casual T-Shirt,Clothing,South,Mobile App,UPI,2,24.99,0.12,21.99,43.98,23.08,20.9
TXN01568,2023-07-06,CUST0412,PROD020,Jump Rope,Sports,East,In-Store,UPI,4,14.99,0.19,12.14,48.56,28.72,19.84
TXN00121,2023-07-07,CUST0272,PROD014,Knife Set,Home & Kitchen,Central,In-Store,Debit Card,2,44.99,0.05,42.74,85.48,51.91,33.57
TXN01095,2023-07-07,CUST0430,PROD017,Dumbbell Set,Sports,South,Mobile App,UPI,5,79.99,0.23,61.59,307.95,149.34,158.61
TXN00318,2023-07-07,CUST0278,PROD005,USB-C Hub,Electronics,North,Mobile App,Net Banking,1,49.99,0.07,46.49,46.49,25.97,20.52
TXN01800,2023-07-07,CUST0348,PROD017,Dumbbell Set,Sports,East,Mobile App,Cash,1,79.99,0.03,77.59,77.59,50.18,27.41
TXN00809,2023-07-07,CUST0179,PROD013,Blender Pro,Home & Kitchen,Central,Online,UPI,1,59.99,0.01,59.39,59.39,27.26,32.13
TXN00217,2023-07-07,CUST0392,PROD001,"Laptop Pro 15""",Electronics,West,In-Store,Credit Card,4,1199.99,0.03,1163.99,4655.96,2341.46,2314.5
TXN00752,2023-07-08,CUST0410,PROD020,Jump Rope,Sports,North,Online,Net Banking,5,14.99,0.22,11.69,58.45,31.59,26.86
TXN00865,2023-07-08,CUST0263,PROD028,Lipstick Set,Beauty,South,In-Store,Net Banking,5,39.99,0.03,38.79,193.95,113.09,80.86
TXN01769,2023-07-08,CUST0371,PROD012,Coffee Maker,Home & Kitchen,South,Online,Cash,5,69.99,0.03,67.89,339.45,184.15,155.3
TXN01028,2023-07-08,CUST0357,PROD028,Lipstick Set,Beauty,North,Mobile App,Net Banking,5,39.99,0.18,32.79,163.95,94.6,69.35
TXN01300,2023-07-08,CUST0181,PROD004,"Tablet 10""",Electronics,South,In-Store,Net Banking,1,399.99,0.22,311.99,311.99,201.7,110.29
TXN01853,2023-07-08,CUST0167,PROD017,Dumbbell Set,Sports,West,In-Store,Cash,2,79.99,0.18,65.59,131.18,79.64,51.54
TXN01617,2023-07-08,CUST0379,PROD012,Coffee Maker,Home & Kitchen,North,In-Store,UPI,4,69.99,0.25,52.49,209.96,131.52,78.44
TXN00349,2023-07-08,CUST0081,PROD023,Business Analytics,Books,East,Online,Cash,1,44.99,0.12,39.59,39.59,22.3,17.29
TXN00725,2023-07-09,CUST0284,PROD003,Smart Watch,Electronics,South,In-Store,Debit Card,2,249.99,0.19,202.49,404.98,195.85,209.13
TXN00071,2023-07-09,CUST0036,PROD005,USB-C Hub,Electronics,Central,Mobile App,UPI,1,49.99,0.09,45.49,45.49,24.37,21.12
TXN00760,2023-07-09,CUST0095,PROD001,"Laptop Pro 15""",Electronics,South,Mobile App,Credit Card,3,1199.99,0.14,1031.99,3095.97,1666.18,1429.79
TXN01596,2023-07-09,CUST0349,PROD029,Hair Dryer,Beauty,North,Online,Credit Card,5,59.99,0.13,52.19,260.95,126.73,134.22
TXN00850,2023-07-09,CUST0068,PROD025,ML for Beginners,Books,Central,Online,Cash,4,29.99,0.08,27.59,110.36,58.37,51.99
TXN01700,2023-07-10,CUST0372,PROD019,Water Bottle,Sports,Central,Mobile App,Debit Card,5,24.99,0.04,23.99,119.95,69.78,50.17
TXN01692,2023-07-10,CUST0039,PROD012,Coffee Maker,Home & Kitchen,East,In-Store,Credit Card,2,69.99,0.24,53.19,106.38,63.65,42.73
TXN01759,2023-07-10,CUST0074,PROD025,ML for Beginners,Books,North,Mobile App,Net Banking,4,29.99,0.21,23.69,94.76,54.14,40.62
TXN01890,2023-07-10,CUST0030,PROD016,Yoga Mat,Sports,Central,Online,Debit Card,4,34.99,0.2,27.99,111.96,62.45,49.51
TXN00781,2023-07-10,CUST0399,PROD023,Business Analytics,Books,West,In-Store,UPI,2,44.99,0.0,44.99,89.98,49.82,40.16
TXN00591,2023-07-10,CUST0212,PROD013,Blender Pro,Home & Kitchen,West,Mobile App,UPI,5,59.99,0.25,44.99,224.95,115.83,109.12
TXN00352,2023-07-10,CUST0062,PROD009,Winter Coat,Clothing,Central,Mobile App,Credit Card,3,149.99,0.07,139.49,418.47,194.83,223.64
TXN00967,2023-07-10,CUST0339,PROD012,Coffee Maker,Home & Kitchen,South,Mobile App,Cash,3,69.99,0.11,62.29,186.87,97.91,88.96
TXN00124,2023-07-10,CUST0056,PROD013,Blender Pro,Home & Kitchen,South,In-Store,Credit Card,5,59.99,0.1,53.99,269.95,155.95,114.0
TXN01380,2023-07-10,CUST0289,PROD018,Resistance Bands,Sports,South,Online,UPI,3,19.99,0.13,17.39,52.17,29.89,22.28
TXN00141,2023-07-10,CUST0416,PROD001,"Laptop Pro 15""",Electronics,South,Mobile App,Credit Card,1,1199.99,0.02,1175.99,1175.99,551.91,624.08
TXN00913,2023-07-10,CUST0157,PROD015,Cutting Board,Home & Kitchen,East,In-Store,UPI,3,19.99,0.01,19.79,59.37,28.54,30.83
TXN01493,2023-07-11,CUST0013,PROD027,Moisturizer SPF30,Beauty,East,In-Store,Net Banking,2,29.99,0.17,24.89,49.78,24.95,24.83
TXN01026,2023-07-11,CUST0197,PROD019,Water Bottle,Sports,West,In-Store,Cash,4,24.99,0.24,18.99,75.96,48.93,27.03
TXN01416,2023-07-11,CUST0308,PROD029,Hair Dryer,Beauty,East,In-Store,Net Banking,4,59.99,0.21,47.39,189.56,94.88,94.68
TXN01521,2023-07-11,CUST0466,PROD006,Running Jacket,Clothing,East,Mobile App,UPI,4,79.99,0.05,75.99,303.96,161.32,142.64
TXN00417,2023-07-11,CUST0288,PROD001,"Laptop Pro 15""",Electronics,Central,Mobile App,UPI,5,1199.99,0.25,899.99,4499.95,2894.8,1605.15
TXN00563,2023-07-11,CUST0097,PROD018,Resistance Bands,Sports,West,Mobile App,Net Banking,5,19.99,0.06,18.79,93.95,42.41,51.54
TXN01661,2023-07-11,CUST0414,PROD005,USB-C Hub,Electronics,South,In-Store,Cash,2,49.99,0.13,43.49,86.98,45.07,41.91
TXN01745,2023-07-11,CUST0126,PROD028,Lipstick Set,Beauty,West,In-Store,UPI,2,39.99,0.22,31.19,62.38,38.17,24.21
TXN01472,2023-07-11,CUST0194,PROD012,Coffee Maker,Home & Kitchen,West,Mobile App,Debit Card,5,69.99,0.21,55.29,276.45,141.78,134.67
TXN00177,2023-07-11,CUST0121,PROD018,Resistance Bands,Sports,West,Online,UPI,1,19.99,0.1,17.99,17.99,9.52,8.47
TXN00140,2023-07-11,CUST0489,PROD026,Vitamin C Serum,Beauty,South,Mobile App,Net Banking,3,34.99,0.11,31.14,93.42,54.47,38.95
TXN01496,2023-07-12,CUST0031,PROD029,Hair Dryer,Beauty,North,Online,UPI,2,59.99,0.07,55.79,111.58,63.75,47.83
TXN01174,2023-07-12,CUST0082,PROD030,Perfume 50ml,Beauty,Central,In-Store,Credit Card,1,69.99,0.04,67.19,67.19,31.65,35.54
TXN00504,2023-07-12,CUST0335,PROD028,Lipstick Set,Beauty,West,In-Store,Cash,3,39.99,0.14,34.39,103.17,58.19,44.98
TXN00387,2023-07-12,CUST0052,PROD009,Winter Coat,Clothing,West,Mobile App,Debit Card,4,149.99,0.22,116.99,467.96,243.45,224.51
TXN00435,2023-07-12,CUST0449,PROD006,Running Jacket,Clothing,East,Mobile App,Cash,3,79.99,0.18,65.59,196.77,119.72,77.05
TXN00805,2023-07-12,CUST0227,PROD004,"Tablet 10""",Electronics,West,Online,Credit Card,1,399.99,0.1,359.99,359.99,184.64,175.35
TXN01961,2023-07-12,CUST0063,PROD009,Winter Coat,Clothing,South,Online,Net Banking,4,149.99,0.14,128.99,515.96,332.94,183.02
TXN00564,2023-07-13,CUST0113,PROD017,Dumbbell Set,Sports,East,Online,Net Banking,2,79.99,0.18,65.59,131.18,75.98,55.2
TXN01945,2023-07-13,CUST0177,PROD018,Resistance Bands,Sports,West,Mobile App,Credit Card,1,19.99,0.2,15.99,15.99,8.42,7.57
TXN01450,2023-07-13,CUST0311,PROD029,Hair Dryer,Beauty,North,Online,Net Banking,2,59.99,0.09,54.59,109.18,60.87,48.31
TXN00513,2023-07-13,CUST0198,PROD028,Lipstick Set,Beauty,South,Online,Credit Card,4,39.99,0.15,33.99,135.96,63.05,72.91
TXN00974,2023-07-13,CUST0293,PROD009,Winter Coat,Clothing,South,In-Store,UPI,2,149.99,0.1,134.99,269.98,138.01,131.97
TXN01202,2023-07-13,CUST0395,PROD027,Moisturizer SPF30,Beauty,East,Mobile App,Credit Card,3,29.99,0.05,28.49,85.47,52.83,32.64
TXN01865,2023-07-14,CUST0242,PROD029,Hair Dryer,Beauty,Central,Online,Debit Card,5,59.99,0.14,51.59,257.95,134.49,123.46
TXN00225,2023-07-14,CUST0076,PROD024,SQL Mastery,Books,South,Online,Cash,2,34.99,0.13,30.44,60.88,36.18,24.7
TXN00291,2023-07-14,CUST0087,PROD005,USB-C Hub,Electronics,South,In-Store,UPI,2,49.99,0.14,42.99,85.98,41.61,44.37
TXN01327,2023-07-15,CUST0391,PROD009,Winter Coat,Clothing,North,Online,Debit Card,5,149.99,0.01,148.49,742.45,441.94,300.51
TXN01776,2023-07-15,CUST0193,PROD023,Business Analytics,Books,East,In-Store,Credit Card,3,44.99,0.03,43.64,130.92,82.59,48.33
TXN01560,2023-07-15,CUST0104,PROD029,Hair Dryer,Beauty,East,Mobile App,Net Banking,3,59.99,0.16,50.39,151.17,87.36,63.81
TXN01051,2023-07-15,CUST0335,PROD010,Sneakers,Clothing,Central,In-Store,Debit Card,5,99.99,0.02,97.99,489.95,254.11,235.84
TXN01190,2023-07-15,CUST0146,PROD012,Coffee Maker,Home & Kitchen,West,Mobile App,UPI,5,69.99,0.15,59.49,297.45,166.14,131.31
TXN01757,2023-07-16,CUST0436,PROD004,"Tablet 10""",Electronics,Central,In-Store,Credit Card,4,399.99,0.11,355.99,1423.96,851.29,572.67
TXN01714,2023-07-16,CUST0386,PROD011,Air Fryer 5L,Home & Kitchen,Central,Online,Net Banking,3,89.99,0.18,73.79,221.37,137.74,83.63
TXN00315,2023-07-16,CUST0494,PROD003,Smart Watch,Electronics,Central,Mobile App,Net Banking,1,249.99,0.12,219.99,219.99,107.58,112.41
TXN01049,2023-07-16,CUST0393,PROD026,Vitamin C Serum,Beauty,East,Online,UPI,2,34.99,0.23,26.94,53.88,27.76,26.12
TXN00686,2023-07-16,CUST0182,PROD009,Winter Coat,Clothing,South,Online,Net Banking,5,149.99,0.11,133.49,667.45,409.82,257.63
TXN01391,2023-07-17,CUST0362,PROD021,Data Science Handbook,Books,West,In-Store,UPI,2,49.99,0.14,42.99,85.98,45.18,40.8
TXN00445,2023-07-17,CUST0354,PROD006,Running Jacket,Clothing,West,In-Store,Debit Card,4,79.99,0.1,71.99,287.96,155.87,132.09
TXN00987,2023-07-17,CUST0097,PROD019,Water Bottle,Sports,West,Online,UPI,2,24.99,0.24,18.99,37.98,17.57,20.41
TXN01756,2023-07-17,CUST0229,PROD002,Wireless Earbuds,Electronics,South,Online,Credit Card,3,89.99,0.11,80.09,240.27,149.49,90.78
TXN00290,2023-07-17,CUST0007,PROD021,Data Science Handbook,Books,East,In-Store,Net Banking,5,49.99,0.15,42.49,212.45,109.39,103.06
TXN01595,2023-07-17,CUST0097,PROD026,Vitamin C Serum,Beauty,East,Mobile App,Credit Card,5,34.99,0.01,34.64,173.2,111.43,61.77
TXN01780,2023-07-17,CUST0455,PROD026,Vitamin C Serum,Beauty,West,Online,Cash,3,34.99,0.09,31.84,95.52,49.68,45.84
TXN00989,2023-07-17,CUST0146,PROD016,Yoga Mat,Sports,South,Online,UPI,2,34.99,0.05,33.24,66.48,42.03,24.45
TXN00616,2023-07-18,CUST0456,PROD010,Sneakers,Clothing,North,Mobile App,UPI,3,99.99,0.2,79.99,239.97,138.02,101.95
TXN00375,2023-07-18,CUST0182,PROD026,Vitamin C Serum,Beauty,South,Online,Debit Card,2,34.99,0.14,30.09,60.18,38.91,21.27
TXN01645,2023-07-18,CUST0165,PROD004,"Tablet 10""",Electronics,Central,Online,Net Banking,2,399.99,0.05,379.99,759.98,450.97,309.01
TXN01011,2023-07-18,CUST0348,PROD011,Air Fryer 5L,Home & Kitchen,South,In-Store,Debit Card,5,89.99,0.08,82.79,413.95,238.51,175.44
TXN01719,2023-07-18,CUST0411,PROD005,USB-C Hub,Electronics,Central,Mobile App,Credit Card,2,49.99,0.12,43.99,87.98,51.86,36.12
TXN01712,2023-07-18,CUST0192,PROD014,Knife Set,Home & Kitchen,South,In-Store,Net Banking,1,44.99,0.17,37.34,37.34,19.05,18.29
TXN00028,2023-07-19,CUST0136,PROD009,Winter Coat,Clothing,West,In-Store,Net Banking,1,149.99,0.04,143.99,143.99,64.86,79.13
TXN01984,2023-07-19,CUST0196,PROD028,Lipstick Set,Beauty,Central,In-Store,Net Banking,1,39.99,0.17,33.19,33.19,20.7,12.49
TXN00283,2023-07-19,CUST0347,PROD003,Smart Watch,Electronics,Central,In-Store,Net Banking,2,249.99,0.14,214.99,429.98,242.22,187.76
TXN01809,2023-07-20,CUST0099,PROD012,Coffee Maker,Home & Kitchen,East,Online,Credit Card,4,69.99,0.16,58.79,235.16,122.95,112.21
TXN00879,2023-07-20,CUST0027,PROD004,"Tablet 10""",Electronics,East,Online,Credit Card,5,399.99,0.06,375.99,1879.95,956.83,923.12
TXN00712,2023-07-20,CUST0295,PROD004,"Tablet 10""",Electronics,North,Mobile App,Net Banking,3,399.99,0.04,383.99,1151.97,594.38,557.59
TXN00487,2023-07-20,CUST0408,PROD016,Yoga Mat,Sports,Central,In-Store,Debit Card,4,34.99,0.04,33.59,134.36,66.37,67.99
TXN01132,2023-07-21,CUST0352,PROD028,Lipstick Set,Beauty,Central,Online,Credit Card,1,39.99,0.08,36.79,36.79,23.07,13.72
TXN01422,2023-07-21,CUST0358,PROD017,Dumbbell Set,Sports,South,In-Store,Net Banking,3,79.99,0.02,78.39,235.17,131.69,103.48
TXN00360,2023-07-21,CUST0359,PROD027,Moisturizer SPF30,Beauty,East,In-Store,Net Banking,2,29.99,0.07,27.89,55.78,34.59,21.19
TXN01972,2023-07-21,CUST0348,PROD028,Lipstick Set,Beauty,East,Online,UPI,3,39.99,0.17,33.19,99.57,46.52,53.05
TXN00215,2023-07-21,CUST0259,PROD019,Water Bottle,Sports,West,Online,Debit Card,3,24.99,0.12,21.99,65.97,30.87,35.1
TXN00296,2023-07-21,CUST0187,PROD022,Python Crash Course,Books,North,Mobile App,Debit Card,3,39.99,0.09,36.39,109.17,66.95,42.22
TXN01633,2023-07-21,CUST0470,PROD011,Air Fryer 5L,Home & Kitchen,South,Online,Debit Card,2,89.99,0.03,87.29,174.58,89.04,85.54
TXN00364,2023-07-22,CUST0263,PROD012,Coffee Maker,Home & Kitchen,North,Mobile App,UPI,1,69.99,0.18,57.39,57.39,36.94,20.45
TXN00909,2023-07-22,CUST0447,PROD030,Perfume 50ml,Beauty,East,Mobile App,Net Banking,4,69.99,0.15,59.49,237.96,131.78,106.18
TXN01031,2023-07-23,CUST0362,PROD001,"Laptop Pro 15""",Electronics,Central,Online,Cash,1,1199.99,0.16,1007.99,1007.99,638.44,369.55
TXN00342,2023-07-23,CUST0260,PROD001,"Laptop Pro 15""",Electronics,East,Mobile App,Cash,3,1199.99,0.05,1139.99,3419.97,2170.03,1249.94
TXN00556,2023-07-23,CUST0269,PROD001,"Laptop Pro 15""",Electronics,North,Online,UPI,4,1199.99,0.14,1031.99,4127.96,1879.35,2248.61
TXN01964,2023-07-23,CUST0241,PROD009,Winter Coat,Clothing,Central,Online,Debit Card,2,149.99,0.17,124.49,248.98,153.47,95.51
TXN01940,2023-07-23,CUST0328,PROD020,Jump Rope,Sports,North,In-Store,Net Banking,1,14.99,0.25,11.24,11.24,6.12,5.12
TXN00295,2023-07-23,CUST0496,PROD015,Cutting Board,Home & Kitchen,East,In-Store,Net Banking,2,19.99,0.12,17.59,35.18,17.08,18.1
TXN00548,2023-07-23,CUST0051,PROD018,Resistance Bands,Sports,South,Online,Debit Card,3,19.99,0.14,17.19,51.57,29.06,22.51
TXN00529,2023-07-24,CUST0181,PROD026,Vitamin C Serum,Beauty,West,In-Store,Cash,2,34.99,0.02,34.29,68.58,34.65,33.93
TXN01359,2023-07-24,CUST0134,PROD028,Lipstick Set,Beauty,North,In-Store,Net Banking,4,39.99,0.1,35.99,143.96,77.51,66.45
TXN00993,2023-07-24,CUST0310,PROD012,Coffee Maker,Home & Kitchen,South,Mobile App,UPI,1,69.99,0.25,52.49,52.49,28.3,24.19
TXN01078,2023-07-24,CUST0234,PROD023,Business Analytics,Books,North,In-Store,Net Banking,3,44.99,0.1,40.49,121.47,76.62,44.85
TXN00863,2023-07-24,CUST0046,PROD018,Resistance Bands,Sports,North,Online,Debit Card,2,19.99,0.06,18.79,37.58,22.7,14.88
TXN01958,2023-07-25,CUST0056,PROD013,Blender Pro,Home & Kitchen,West,Mobile App,Credit Card,2,59.99,0.05,56.99,113.98,72.17,41.81
TXN00545,2023-07-25,CUST0144,PROD017,Dumbbell Set,Sports,West,Online,Cash,4,79.99,0.18,65.59,262.36,137.6,124.76
TXN00526,2023-07-25,CUST0315,PROD008,Casual T-Shirt,Clothing,Central,In-Store,Cash,1,24.99,0.15,21.24,21.24,12.64,8.6
TXN00136,2023-07-25,CUST0219,PROD014,Knife Set,Home & Kitchen,North,In-Store,Net Banking,1,44.99,0.02,44.09,44.09,24.06,20.03
TXN01527,2023-07-26,CUST0145,PROD007,Slim Jeans,Clothing,Central,Online,Debit Card,2,59.99,0.16,50.39,100.78,60.33,40.45
TXN01065,2023-07-26,CUST0126,PROD028,Lipstick Set,Beauty,North,Online,Debit Card,5,39.99,0.11,35.59,177.95,85.37,92.58
TXN00049,2023-07-26,CUST0357,PROD028,Lipstick Set,Beauty,East,Mobile App,Debit Card,5,39.99,0.08,36.79,183.95,97.8,86.15
TXN00031,2023-07-26,CUST0062,PROD006,Running Jacket,Clothing,Central,Online,Cash,5,79.99,0.02,78.39,391.95,243.94,148.01
TXN01133,2023-07-26,CUST0052,PROD006,Running Jacket,Clothing,Central,Online,Credit Card,4,79.99,0.06,75.19,300.76,190.03,110.73
TXN01654,2023-07-26,CUST0238,PROD028,Lipstick Set,Beauty,West,In-Store,Debit Card,4,39.99,0.12,35.19,140.76,76.34,64.42
TXN00682,2023-07-27,CUST0196,PROD020,Jump Rope,Sports,West,Mobile App,Debit Card,4,14.99,0.16,12.59,50.36,29.83,20.53
TXN00800,2023-07-27,CUST0249,PROD029,Hair Dryer,Beauty,Central,In-Store,Debit Card,3,59.99,0.12,52.79,158.37,90.37,68.0
TXN01158,2023-07-27,CUST0424,PROD021,Data Science Handbook,Books,West,Online,Credit Card,4,49.99,0.12,43.99,175.96,102.15,73.81
TXN01944,2023-07-27,CUST0303,PROD011,Air Fryer 5L,Home & Kitchen,East,Mobile App,Debit Card,5,89.99,0.2,71.99,359.95,218.42,141.53
TXN00484,2023-07-27,CUST0222,PROD022,Python Crash Course,Books,East,Online,Net Banking,3,39.99,0.1,35.99,107.97,58.33,49.64
TXN00210,2023-07-27,CUST0153,PROD013,Blender Pro,Home & Kitchen,West,Online,Credit Card,4,59.99,0.06,56.39,225.56,137.92,87.64
TXN00510,2023-07-27,CUST0307,PROD006,Running Jacket,Clothing,Central,Mobile App,Credit Card,2,79.99,0.06,75.19,150.38,73.09,77.29
TXN00826,2023-07-28,CUST0460,PROD015,Cutting Board,Home & Kitchen,East,Mobile App,Credit Card,3,19.99,0.22,15.59,46.77,29.47,17.3
TXN00289,2023-07-28,CUST0053,PROD002,Wireless Earbuds,Electronics,North,Online,UPI,4,89.99,0.11,80.09,320.36,179.71,140.65
TXN01324,2023-07-28,CUST0460,PROD003,Smart Watch,Electronics,East,In-Store,UPI,5,249.99,0.2,199.99,999.95,516.97,482.98
TXN01483,2023-07-28,CUST0308,PROD025,ML for Beginners,Books,East,In-Store,Debit Card,4,29.99,0.25,22.49,89.96,45.01,44.95
TXN00041,2023-07-28,CUST0499,PROD027,Moisturizer SPF30,Beauty,Central,Mobile App,Debit Card,1,29.99,0.09,27.29,27.29,15.34,11.95
TXN01629,2023-07-29,CUST0082,PROD007,Slim Jeans,Clothing,Central,Mobile App,Net Banking,4,59.99,0.03,58.19,232.76,147.12,85.64
TXN00771,2023-07-29,CUST0328,PROD011,Air Fryer 5L,Home & Kitchen,East,In-Store,Debit Card,5,89.99,0.19,72.89,364.45,170.45,194.0
TXN01037,2023-07-29,CUST0226,PROD006,Running Jacket,Clothing,Central,Online,Debit Card,2,79.99,0.2,63.99,127.98,62.5,65.48
TXN01621,2023-07-29,CUST0192,PROD030,Perfume 50ml,Beauty,East,Online,Net Banking,3,69.99,0.23,53.89,161.67,90.48,71.19
TXN00458,2023-07-29,CUST0055,PROD011,Air Fryer 5L,Home & Kitchen,East,Mobile App,Debit Card,1,89.99,0.22,70.19,70.19,38.5,31.69
TXN01358,2023-07-29,CUST0032,PROD017,Dumbbell Set,Sports,Central,In-Store,UPI,1,79.99,0.07,74.39,74.39,41.03,33.36
TXN00106,2023-07-30,CUST0023,PROD027,Moisturizer SPF30,Beauty,East,Mobile App,Net Banking,5,29.99,0.1,26.99,134.95,83.83,51.12
TXN01301,2023-07-31,CUST0383,PROD002,Wireless Earbuds,Electronics,Central,Mobile App,Credit Card,2,89.99,0.02,88.19,176.38,79.73,96.65
TXN01794,2023-07-31,CUST0381,PROD017,Dumbbell Set,Sports,West,In-Store,Cash,1,79.99,0.17,66.39,66.39,36.59,29.8
TXN01449,2023-08-01,CUST0392,PROD025,ML for Beginners,Books,North,In-Store,Cash,2,29.99,0.16,25.19,50.38,28.36,22.02
TXN01138,2023-08-01,CUST0073,PROD005,USB-C Hub,Electronics,North,Online,Credit Card,3,49.99,0.03,48.49,145.47,91.25,54.22
TXN00402,2023-08-01,CUST0077,PROD005,USB-C Hub,Electronics,South,Mobile App,Cash,5,49.99,0.13,43.49,217.45,116.1,101.35
TXN00910,2023-08-02,CUST0422,PROD029,Hair Dryer,Beauty,South,Online,Cash,4,59.99,0.17,49.79,199.16,127.38,71.78
TXN01153,2023-08-02,CUST0077,PROD012,Coffee Maker,Home & Kitchen,South,In-Store,Debit Card,1,69.99,0.06,65.79,65.79,29.77,36.02
TXN00223,2023-08-02,CUST0299,PROD014,Knife Set,Home & Kitchen,East,Mobile App,Credit Card,1,44.99,0.09,40.94,40.94,23.94,17.0
TXN00154,2023-08-02,CUST0149,PROD015,Cutting Board,Home & Kitchen,North,In-Store,Credit Card,4,19.99,0.14,17.19,68.76,40.7,28.06
TXN00209,2023-08-02,CUST0317,PROD030,Perfume 50ml,Beauty,North,In-Store,Cash,3,69.99,0.16,58.79,176.37,106.42,69.95
TXN00147,2023-08-03,CUST0233,PROD026,Vitamin C Serum,Beauty,East,Online,UPI,1,34.99,0.19,28.34,28.34,13.97,14.37
TXN00174,2023-08-03,CUST0495,PROD019,Water Bottle,Sports,South,Online,Cash,3,24.99,0.19,20.24,60.72,33.43,27.29
TXN00420,2023-08-03,CUST0208,PROD026,Vitamin C Serum,Beauty,West,Mobile App,Credit Card,4,34.99,0.25,26.24,104.96,52.68,52.28
TXN00778,2023-08-03,CUST0326,PROD027,Moisturizer SPF30,Beauty,East,Online,UPI,3,29.99,0.04,28.79,86.37,43.58,42.79
TXN01455,2023-08-03,CUST0211,PROD026,Vitamin C Serum,Beauty,South,Mobile App,Credit Card,4,34.99,0.15,29.74,118.96,63.48,55.48
TXN00062,2023-08-03,CUST0276,PROD016,Yoga Mat,Sports,Central,Mobile App,Debit Card,3,34.99,0.07,32.54,97.62,51.54,46.08
TXN00738,2023-08-03,CUST0088,PROD003,Smart Watch,Electronics,East,Online,UPI,2,249.99,0.03,242.49,484.98,263.4,221.58
TXN01863,2023-08-03,CUST0291,PROD006,Running Jacket,Clothing,East,Online,Net Banking,3,79.99,0.19,64.79,194.37,117.39,76.98
TXN01379,2023-08-03,CUST0205,PROD030,Perfume 50ml,Beauty,North,In-Store,Credit Card,4,69.99,0.03,67.89,271.56,169.68,101.88
TXN00134,2023-08-04,CUST0270,PROD011,Air Fryer 5L,Home & Kitchen,North,Mobile App,Credit Card,2,89.99,0.07,83.69,167.38,79.56,87.82
TXN00292,2023-08-04,CUST0154,PROD014,Knife Set,Home & Kitchen,West,Online,UPI,2,44.99,0.02,44.09,88.18,47.35,40.83
TXN01877,2023-08-04,CUST0056,PROD011,Air Fryer 5L,Home & Kitchen,North,Online,Debit Card,5,89.99,0.04,86.39,431.95,267.2,164.75
TXN01540,2023-08-04,CUST0458,PROD011,Air Fryer 5L,Home & Kitchen,West,In-Store,UPI,4,89.99,0.07,83.69,334.76,210.96,123.8
TXN00866,2023-08-05,CUST0416,PROD019,Water Bottle,Sports,East,Mobile App,Debit Card,3,24.99,0.14,21.49,64.47,34.47,30.0
TXN00903,2023-08-05,CUST0259,PROD023,Business Analytics,Books,North,Mobile App,Credit Card,2,44.99,0.21,35.54,71.08,36.31,34.77
TXN01156,2023-08-05,CUST0477,PROD023,Business Analytics,Books,South,In-Store,Credit Card,5,44.99,0.13,39.14,195.7,115.83,79.87
TXN00180,2023-08-05,CUST0057,PROD007,Slim Jeans,Clothing,East,Online,UPI,5,59.99,0.24,45.59,227.95,130.34,97.61
TXN01439,2023-08-05,CUST0206,PROD026,Vitamin C Serum,Beauty,North,Online,UPI,3,34.99,0.23,26.94,80.82,48.48,32.34
TXN00333,2023-08-05,CUST0356,PROD001,"Laptop Pro 15""",Electronics,South,In-Store,Credit Card,3,1199.99,0.2,959.99,2879.97,1865.16,1014.81
TXN00024,2023-08-05,CUST0211,PROD017,Dumbbell Set,Sports,West,Mobile App,Credit Card,1,79.99,0.02,78.39,78.39,42.03,36.36
TXN01020,2023-08-06,CUST0091,PROD029,Hair Dryer,Beauty,Central,Online,UPI,3,59.99,0.04,57.59,172.77,84.57,88.2
TXN01390,2023-08-06,CUST0341,PROD011,Air Fryer 5L,Home & Kitchen,West,In-Store,UPI,1,89.99,0.03,87.29,87.29,53.37,33.92
TXN01368,2023-08-06,CUST0263,PROD017,Dumbbell Set,Sports,North,In-Store,UPI,5,79.99,0.21,63.19,315.95,191.77,124.18
TXN01864,2023-08-06,CUST0129,PROD007,Slim Jeans,Clothing,East,Mobile App,Debit Card,1,59.99,0.18,49.19,49.19,29.23,19.96
TXN01501,2023-08-07,CUST0203,PROD015,Cutting Board,Home & Kitchen,West,Online,Cash,1,19.99,0.04,19.19,19.19,11.1,8.09
TXN00443,2023-08-07,CUST0379,PROD006,Running Jacket,Clothing,North,Online,Credit Card,3,79.99,0.09,72.79,218.37,127.82,90.55
TXN01748,2023-08-07,CUST0322,PROD025,ML for Beginners,Books,West,Mobile App,Credit Card,4,29.99,0.05,28.49,113.96,52.44,61.52
TXN01649,2023-08-07,CUST0129,PROD015,Cutting Board,Home & Kitchen,East,Mobile App,Debit Card,4,19.99,0.13,17.39,69.56,35.27,34.29
TXN01385,2023-08-07,CUST0300,PROD026,Vitamin C Serum,Beauty,East,In-Store,Cash,2,34.99,0.07,32.54,65.08,39.97,25.11
TXN00192,2023-08-07,CUST0086,PROD003,Smart Watch,Electronics,West,In-Store,Net Banking,3,249.99,0.08,229.99,689.97,393.64,296.33
TXN01534,2023-08-07,CUST0329,PROD028,Lipstick Set,Beauty,North,Mobile App,Debit Card,5,39.99,0.07,37.19,185.95,112.76,73.19
TXN00327,2023-08-08,CUST0423,PROD028,Lipstick Set,Beauty,South,In-Store,UPI,1,39.99,0.2,31.99,31.99,16.94,15.05
TXN00494,2023-08-08,CUST0087,PROD010,Sneakers,Clothing,North,In-Store,Debit Card,5,99.99,0.09,90.99,454.95,233.51,221.44
TXN01181,2023-08-08,CUST0176,PROD008,Casual T-Shirt,Clothing,East,Online,Debit Card,2,24.99,0.21,19.74,39.48,18.5,20.98
TXN01108,2023-08-08,CUST0102,PROD011,Air Fryer 5L,Home & Kitchen,West,Mobile App,Credit Card,3,89.99,0.25,67.49,202.47,101.13,101.34
TXN00674,2023-08-09,CUST0402,PROD016,Yoga Mat,Sports,West,Mobile App,UPI,3,34.99,0.05,33.24,99.72,58.72,41.0
TXN00806,2023-08-09,CUST0069,PROD010,Sneakers,Clothing,East,Mobile App,Net Banking,3,99.99,0.22,77.99,233.97,112.97,121.0
TXN01196,2023-08-09,CUST0124,PROD025,ML for Beginners,Books,Central,In-Store,Debit Card,3,29.99,0.08,27.59,82.77,53.12,29.65
TXN01035,2023-08-09,CUST0088,PROD004,"Tablet 10""",Electronics,South,In-Store,Debit Card,5,399.99,0.1,359.99,1799.95,913.78,886.17
TXN01114,2023-08-09,CUST0095,PROD008,Casual T-Shirt,Clothing,East,In-Store,UPI,4,24.99,0.07,23.24,92.96,53.11,39.85
TXN00138,2023-08-09,CUST0051,PROD020,Jump Rope,Sports,North,Mobile App,Cash,5,14.99,0.07,13.94,69.7,38.41,31.29
TXN01939,2023-08-09,CUST0207,PROD007,Slim Jeans,Clothing,Central,Mobile App,Credit Card,3,59.99,0.2,47.99,143.97,87.14,56.83
TXN01022,2023-08-10,CUST0390,PROD009,Winter Coat,Clothing,South,In-Store,Credit Card,4,149.99,0.11,133.49,533.96,305.36,228.6
TXN00976,2023-08-10,CUST0210,PROD020,Jump Rope,Sports,East,In-Store,UPI,5,14.99,0.08,13.79,68.95,37.25,31.7
TXN00701,2023-08-10,CUST0313,PROD021,Data Science Handbook,Books,East,In-Store,UPI,1,49.99,0.23,38.49,38.49,22.23,16.26
TXN01623,2023-08-10,CUST0093,PROD015,Cutting Board,Home & Kitchen,West,Online,Debit Card,2,19.99,0.16,16.79,33.58,21.4,12.18
TXN01736,2023-08-10,CUST0308,PROD010,Sneakers,Clothing,North,In-Store,Credit Card,5,99.99,0.07,92.99,464.95,281.12,183.83
TXN01506,2023-08-10,CUST0456,PROD030,Perfume 50ml,Beauty,North,In-Store,Cash,3,69.99,0.11,62.29,186.87,113.28,73.59
TXN01176,2023-08-10,CUST0103,PROD002,Wireless Earbuds,Electronics,West,In-Store,Credit Card,1,89.99,0.23,69.29,69.29,43.96,25.33
TXN00093,2023-08-10,CUST0377,PROD024,SQL Mastery,Books,East,Mobile App,UPI,4,34.99,0.02,34.29,137.16,62.82,74.34
TXN00482,2023-08-11,CUST0332,PROD002,Wireless Earbuds,Electronics,North,Mobile App,Debit Card,5,89.99,0.21,71.09,355.45,222.41,133.04
TXN00732,2023-08-11,CUST0129,PROD006,Running Jacket,Clothing,East,Mobile App,Net Banking,1,79.99,0.16,67.19,67.19,34.07,33.12
TXN01102,2023-08-11,CUST0003,PROD004,"Tablet 10""",Electronics,East,Mobile App,Debit Card,4,399.99,0.04,383.99,1535.96,799.85,736.11
TXN01410,2023-08-11,CUST0178,PROD017,Dumbbell Set,Sports,East,Online,UPI,5,79.99,0.14,68.79,343.95,223.14,120.81
TXN00390,2023-08-11,CUST0081,PROD026,Vitamin C Serum,Beauty,North,Online,UPI,4,34.99,0.24,26.59,106.36,51.37,54.99
TXN00345,2023-08-11,CUST0060,PROD014,Knife Set,Home & Kitchen,West,Mobile App,Cash,2,44.99,0.01,44.54,89.08,41.62,47.46
TXN01069,2023-08-11,CUST0153,PROD022,Python Crash Course,Books,Central,Online,Credit Card,4,39.99,0.12,35.19,140.76,81.49,59.27
TXN01130,2023-08-11,CUST0189,PROD029,Hair Dryer,Beauty,South,In-Store,Credit Card,2,59.99,0.11,53.39,106.78,63.64,43.14
TXN01949,2023-08-11,CUST0308,PROD017,Dumbbell Set,Sports,West,In-Store,Credit Card,1,79.99,0.0,79.99,79.99,49.63,30.36
TXN01441,2023-08-12,CUST0141,PROD022,Python Crash Course,Books,South,In-Store,Cash,1,39.99,0.09,36.39,36.39,19.82,16.57
TXN01762,2023-08-12,CUST0371,PROD020,Jump Rope,Sports,West,In-Store,Credit Card,3,14.99,0.09,13.64,40.92,18.58,22.34
TXN00164,2023-08-13,CUST0269,PROD022,Python Crash Course,Books,Central,Mobile App,Debit Card,1,39.99,0.06,37.59,37.59,20.21,17.38
TXN00020,2023-08-13,CUST0461,PROD028,Lipstick Set,Beauty,Central,In-Store,Credit Card,4,39.99,0.25,29.99,119.96,69.57,50.39
TXN00194,2023-08-13,CUST0018,PROD027,Moisturizer SPF30,Beauty,South,Online,Debit Card,1,29.99,0.04,28.79,28.79,16.45,12.34
TXN00108,2023-08-14,CUST0052,PROD025,ML for Beginners,Books,Central,In-Store,Credit Card,3,29.99,0.22,23.39,70.17,43.84,26.33
TXN01320,2023-08-14,CUST0297,PROD006,Running Jacket,Clothing,East,Online,Cash,1,79.99,0.05,75.99,75.99,41.9,34.09
TXN00663,2023-08-14,CUST0344,PROD012,Coffee Maker,Home & Kitchen,North,In-Store,Debit Card,2,69.99,0.07,65.09,130.18,72.44,57.74
TXN01532,2023-08-14,CUST0061,PROD019,Water Bottle,Sports,East,Mobile App,Cash,2,24.99,0.11,22.24,44.48,22.35,22.13
TXN00395,2023-08-14,CUST0239,PROD014,Knife Set,Home & Kitchen,East,Online,UPI,3,44.99,0.05,42.74,128.22,58.84,69.38
TXN01238,2023-08-14,CUST0140,PROD009,Winter Coat,Clothing,East,Online,Credit Card,5,149.99,0.11,133.49,667.45,344.9,322.55
TXN00506,2023-08-14,CUST0085,PROD019,Water Bottle,Sports,South,Online,Cash,5,24.99,0.0,24.99,124.95,78.27,46.68
TXN00769,2023-08-15,CUST0148,PROD002,Wireless Earbuds,Electronics,South,Mobile App,Net Banking,4,89.99,0.19,72.89,291.56,155.44,136.12
TXN00918,2023-08-15,CUST0377,PROD009,Winter Coat,Clothing,East,Mobile App,Credit Card,3,149.99,0.14,128.99,386.97,248.29,138.68
TXN00471,2023-08-15,CUST0425,PROD028,Lipstick Set,Beauty,South,Mobile App,UPI,2,39.99,0.16,33.59,67.18,40.72,26.46
TXN00288,2023-08-16,CUST0185,PROD013,Blender Pro,Home & Kitchen,East,Online,Debit Card,1,59.99,0.02,58.79,58.79,37.54,21.25
TXN00172,2023-08-16,CUST0313,PROD004,"Tablet 10""",Electronics,East,Mobile App,Net Banking,3,399.99,0.17,331.99,995.97,495.5,500.47
TXN01015,2023-08-16,CUST0379,PROD026,Vitamin C Serum,Beauty,East,Online,UPI,2,34.99,0.23,26.94,53.88,30.69,23.19
TXN00795,2023-08-16,CUST0116,PROD018,Resistance Bands,Sports,Central,In-Store,UPI,4,19.99,0.15,16.99,67.96,34.82,33.14
TXN01192,2023-08-16,CUST0258,PROD004,"Tablet 10""",Electronics,Central,Online,UPI,5,399.99,0.23,307.99,1539.95,723.68,816.27
TXN01136,2023-08-16,CUST0418,PROD026,Vitamin C Serum,Beauty,South,In-Store,UPI,2,34.99,0.03,33.94,67.88,40.86,27.02
TXN01154,2023-08-16,CUST0401,PROD030,Perfume 50ml,Beauty,North,In-Store,Credit Card,3,69.99,0.12,61.59,184.77,109.85,74.92
TXN01544,2023-08-16,CUST0073,PROD016,Yoga Mat,Sports,East,In-Store,Credit Card,5,34.99,0.24,26.59,132.95,63.87,69.08
TXN01685,2023-08-17,CUST0309,PROD014,Knife Set,Home & Kitchen,Central,In-Store,Debit Card,1,44.99,0.16,37.79,37.79,20.42,17.37
TXN00766,2023-08-17,CUST0347,PROD008,Casual T-Shirt,Clothing,North,Mobile App,Net Banking,2,24.99,0.01,24.74,49.48,27.59,21.89
TXN00551,2023-08-17,CUST0456,PROD008,Casual T-Shirt,Clothing,North,In-Store,Cash,3,24.99,0.08,22.99,68.97,38.08,30.89
TXN00711,2023-08-17,CUST0010,PROD001,"Laptop Pro 15""",Electronics,West,Online,Credit Card,1,1199.99,0.02,1175.99,1175.99,700.31,475.68
TXN01651,2023-08-17,CUST0007,PROD024,SQL Mastery,Books,North,In-Store,Cash,1,34.99,0.17,29.04,29.04,18.29,10.75
TXN00704,2023-08-17,CUST0180,PROD001,"Laptop Pro 15""",Electronics,South,Mobile App,UPI,4,1199.99,0.02,1175.99,4703.96,2214.54,2489.42
TXN00637,2023-08-17,CUST0148,PROD006,Running Jacket,Clothing,South,Online,Debit Card,4,79.99,0.08,73.59,294.36,175.45,118.91
TXN01338,2023-08-18,CUST0467,PROD021,Data Science Handbook,Books,West,Mobile App,Net Banking,1,49.99,0.02,48.99,48.99,31.07,17.92
TXN01678,2023-08-18,CUST0082,PROD027,Moisturizer SPF30,Beauty,North,In-Store,Debit Card,5,29.99,0.21,23.69,118.45,72.59,45.86
TXN01360,2023-08-18,CUST0210,PROD027,Moisturizer SPF30,Beauty,South,Mobile App,Debit Card,3,29.99,0.16,25.19,75.57,34.7,40.87
TXN01954,2023-08-18,CUST0454,PROD019,Water Bottle,Sports,South,Mobile App,Net Banking,5,24.99,0.07,23.24,116.2,56.06,60.14
TXN00946,2023-08-18,CUST0162,PROD027,Moisturizer SPF30,Beauty,North,In-Store,Debit Card,1,29.99,0.07,27.89,27.89,14.89,13.0
TXN00163,2023-08-19,CUST0053,PROD015,Cutting Board,Home & Kitchen,East,Mobile App,Credit Card,4,19.99,0.13,17.39,69.56,44.63,24.93
TXN01252,2023-08-19,CUST0491,PROD026,Vitamin C Serum,Beauty,Central,Online,UPI,3,34.99,0.22,27.29,81.87,47.96,33.91
TXN00554,2023-08-19,CUST0212,PROD014,Knife Set,Home & Kitchen,South,Online,Credit Card,3,44.99,0.19,36.44,109.32,60.58,48.74
TXN00580,2023-08-19,CUST0152,PROD015,Cutting Board,Home & Kitchen,East,Mobile App,UPI,5,19.99,0.04,19.19,95.95,53.37,42.58
TXN00728,2023-08-19,CUST0211,PROD027,Moisturizer SPF30,Beauty,South,Online,Cash,2,29.99,0.04,28.79,57.58,29.03,28.55
TXN01409,2023-08-19,CUST0425,PROD015,Cutting Board,Home & Kitchen,South,Online,Cash,3,19.99,0.09,18.19,54.57,31.56,23.01
TXN00718,2023-08-19,CUST0495,PROD016,Yoga Mat,Sports,North,Online,UPI,5,34.99,0.16,29.39,146.95,80.81,66.14
TXN01978,2023-08-20,CUST0321,PROD025,ML for Beginners,Books,Central,Mobile App,Net Banking,1,29.99,0.16,25.19,25.19,12.76,12.43
TXN01619,2023-08-20,CUST0228,PROD009,Winter Coat,Clothing,West,In-Store,UPI,4,149.99,0.22,116.99,467.96,253.69,214.27
TXN00861,2023-08-20,CUST0167,PROD021,Data Science Handbook,Books,Central,Online,Debit Card,3,49.99,0.24,37.99,113.97,66.24,47.73
TXN01720,2023-08-20,CUST0151,PROD015,Cutting Board,Home & Kitchen,South,Online,UPI,1,19.99,0.17,16.59,16.59,9.09,7.5
TXN00657,2023-08-20,CUST0425,PROD014,Knife Set,Home & Kitchen,East,Online,Cash,1,44.99,0.12,39.59,39.59,19.7,19.89
TXN00751,2023-08-20,CUST0249,PROD029,Hair Dryer,Beauty,Central,Mobile App,Credit Card,3,59.99,0.01,59.39,178.17,93.46,84.71
TXN01340,2023-08-21,CUST0195,PROD006,Running Jacket,Clothing,East,In-Store,Debit Card,5,79.99,0.15,67.99,339.95,198.8,141.15
TXN01256,2023-08-21,CUST0021,PROD014,Knife Set,Home & Kitchen,South,In-Store,Cash,3,44.99,0.02,44.09,132.27,67.32,64.95
TXN00130,2023-08-21,CUST0047,PROD004,"Tablet 10""",Electronics,South,Mobile App,Cash,3,399.99,0.05,379.99,1139.97,540.84,599.13
TXN00238,2023-08-21,CUST0329,PROD025,ML for Beginners,Books,Central,Mobile App,Net Banking,1,29.99,0.23,23.09,23.09,11.94,11.15
TXN01349,2023-08-21,CUST0323,PROD026,Vitamin C Serum,Beauty,Central,Mobile App,Credit Card,3,34.99,0.04,33.59,100.77,52.1,48.67
TXN00944,2023-08-21,CUST0002,PROD006,Running Jacket,Clothing,West,Mobile App,Credit Card,5,79.99,0.15,67.99,339.95,199.26,140.69
TXN00639,2023-08-21,CUST0210,PROD024,SQL Mastery,Books,West,Online,Cash,2,34.99,0.05,33.24,66.48,38.68,27.8
TXN00691,2023-08-21,CUST0263,PROD021,Data Science Handbook,Books,West,Mobile App,UPI,3,49.99,0.13,43.49,130.47,58.99,71.48
TXN01201,2023-08-21,CUST0325,PROD005,USB-C Hub,Electronics,East,Online,Debit Card,4,49.99,0.01,49.49,197.96,118.15,79.81
TXN00685,2023-08-22,CUST0458,PROD006,Running Jacket,Clothing,Central,In-Store,Cash,2,79.99,0.16,67.19,134.38,71.65,62.73
TXN00455,2023-08-22,CUST0487,PROD028,Lipstick Set,Beauty,East,In-Store,Credit Card,5,39.99,0.14,34.39,171.95,99.89,72.06
TXN00410,2023-08-22,CUST0026,PROD007,Slim Jeans,Clothing,East,Mobile App,Debit Card,2,59.99,0.21,47.39,94.78,47.38,47.4
TXN01936,2023-08-22,CUST0046,PROD025,ML for Beginners,Books,Central,In-Store,Debit Card,5,29.99,0.19,24.29,121.45,71.07,50.38
TXN01974,2023-08-22,CUST0387,PROD005,USB-C Hub,Electronics,Central,Online,Cash,2,49.99,0.08,45.99,91.98,48.71,43.27
TXN00317,2023-08-23,CUST0290,PROD011,Air Fryer 5L,Home & Kitchen,West,Mobile App,Cash,3,89.99,0.06,84.59,253.77,128.85,124.92
TXN00627,2023-08-23,CUST0455,PROD009,Winter Coat,Clothing,South,In-Store,Net Banking,5,149.99,0.12,131.99,659.95,339.86,320.09
TXN00427,2023-08-23,CUST0074,PROD008,Casual T-Shirt,Clothing,East,Mobile App,Debit Card,4,24.99,0.25,18.74,74.96,47.12,27.84
TXN00311,2023-08-23,CUST0317,PROD024,SQL Mastery,Books,South,Mobile App,UPI,5,34.99,0.03,33.94,169.7,88.31,81.39
TXN00187,2023-08-23,CUST0019,PROD027,Moisturizer SPF30,Beauty,East,Online,Credit Card,2,29.99,0.02,29.39,58.78,35.58,23.2
TXN00181,2023-08-23,CUST0033,PROD001,"Laptop Pro 15""",Electronics,North,In-Store,Cash,2,1199.99,0.1,1079.99,2159.98,1314.95,845.03
TXN00534,2023-08-24,CUST0460,PROD017,Dumbbell Set,Sports,Central,Online,Net Banking,3,79.99,0.24,60.79,182.37,98.8,83.57
TXN01170,2023-08-24,CUST0133,PROD013,Blender Pro,Home & Kitchen,West,In-Store,Net Banking,1,59.99,0.02,58.79,58.79,34.81,23.98
TXN01500,2023-08-24,CUST0186,PROD014,Knife Set,Home & Kitchen,East,Online,UPI,2,44.99,0.05,42.74,85.48,46.47,39.01
TXN01554,2023-08-24,CUST0294,PROD026,Vitamin C Serum,Beauty,Central,Online,Net Banking,3,34.99,0.16,29.39,88.17,47.44,40.73
TXN01643,2023-08-24,CUST0324,PROD028,Lipstick Set,Beauty,East,Mobile App,Credit Card,5,39.99,0.02,39.19,195.95,111.02,84.93
TXN01236,2023-08-24,CUST0096,PROD009,Winter Coat,Clothing,East,Online,Net Banking,1,149.99,0.19,121.49,121.49,60.52,60.97
TXN00307,2023-08-25,CUST0119,PROD022,Python Crash Course,Books,West,Mobile App,Debit Card,5,39.99,0.04,38.39,191.95,107.87,84.08
TXN00297,2023-08-25,CUST0483,PROD025,ML for Beginners,Books,South,In-Store,UPI,2,29.99,0.17,24.89,49.78,27.88,21.9
TXN01460,2023-08-25,CUST0257,PROD010,Sneakers,Clothing,North,Mobile App,UPI,4,99.99,0.25,74.99,299.96,182.78,117.18
TXN00671,2023-08-25,CUST0434,PROD016,Yoga Mat,Sports,South,In-Store,UPI,1,34.99,0.12,30.79,30.79,16.02,14.77
TXN01000,2023-08-25,CUST0035,PROD002,Wireless Earbuds,Electronics,North,Mobile App,Debit Card,3,89.99,0.17,74.69,224.07,121.64,102.43
TXN00871,2023-08-25,CUST0092,PROD021,Data Science Handbook,Books,South,In-Store,Credit Card,5,49.99,0.0,49.99,249.95,149.5,100.45
TXN00867,2023-08-26,CUST0347,PROD019,Water Bottle,Sports,South,Mobile App,Debit Card,1,24.99,0.01,24.74,24.74,12.82,11.92
TXN00945,2023-08-27,CUST0254,PROD014,Knife Set,Home & Kitchen,East,Mobile App,Credit Card,4,44.99,0.07,41.84,167.36,98.08,69.28
TXN01394,2023-08-27,CUST0395,PROD028,Lipstick Set,Beauty,East,Mobile App,Net Banking,2,39.99,0.01,39.59,79.18,41.42,37.76
TXN01504,2023-08-28,CUST0313,PROD022,Python Crash Course,Books,South,Online,Net Banking,5,39.99,0.21,31.59,157.95,73.85,84.1
TXN00820,2023-08-28,CUST0138,PROD010,Sneakers,Clothing,Central,Mobile App,Net Banking,4,99.99,0.05,94.99,379.96,244.1,135.86
TXN00851,2023-08-28,CUST0068,PROD008,Casual T-Shirt,Clothing,North,In-Store,Cash,2,24.99,0.13,21.74,43.48,27.66,15.82
TXN01701,2023-08-28,CUST0178,PROD013,Blender Pro,Home & Kitchen,East,Online,Net Banking,4,59.99,0.04,57.59,230.36,122.17,108.19
TXN01175,2023-08-28,CUST0329,PROD009,Winter Coat,Clothing,Central,In-Store,Credit Card,4,149.99,0.17,124.49,497.96,258.83,239.13
TXN01335,2023-08-29,CUST0381,PROD006,Running Jacket,Clothing,North,Online,Credit Card,4,79.99,0.07,74.39,297.56,166.91,130.65
TXN01790,2023-08-29,CUST0490,PROD029,Hair Dryer,Beauty,East,Mobile App,Cash,3,59.99,0.15,50.99,152.97,98.8,54.17
TXN01738,2023-08-29,CUST0262,PROD015,Cutting Board,Home & Kitchen,West,In-Store,Cash,5,19.99,0.08,18.39,91.95,47.04,44.91
TXN00173,2023-08-29,CUST0463,PROD010,Sneakers,Clothing,South,In-Store,Cash,2,99.99,0.08,91.99,183.98,112.55,71.43
TXN00184,2023-08-29,CUST0023,PROD025,ML for Beginners,Books,West,In-Store,UPI,5,29.99,0.14,25.79,128.95,68.1,60.85
TXN00043,2023-08-29,CUST0114,PROD012,Coffee Maker,Home & Kitchen,South,In-Store,UPI,1,69.99,0.1,62.99,62.99,28.83,34.16
TXN00341,2023-08-30,CUST0489,PROD024,SQL Mastery,Books,North,Online,Cash,3,34.99,0.14,30.09,90.27,43.74,46.53
TXN00511,2023-08-30,CUST0445,PROD028,Lipstick Set,Beauty,West,Online,Debit Card,1,39.99,0.05,37.99,37.99,21.7,16.29
TXN01457,2023-08-30,CUST0351,PROD003,Smart Watch,Electronics,North,In-Store,Credit Card,5,249.99,0.06,234.99,1174.95,662.51,512.44
TXN01369,2023-08-30,CUST0193,PROD017,Dumbbell Set,Sports,East,In-Store,Credit Card,1,79.99,0.07,74.39,74.39,43.24,31.15
TXN01398,2023-08-30,CUST0312,PROD011,Air Fryer 5L,Home & Kitchen,West,In-Store,Debit Card,5,89.99,0.21,71.09,355.45,221.32,134.13
TXN01497,2023-08-30,CUST0069,PROD015,Cutting Board,Home & Kitchen,North,In-Store,Net Banking,3,19.99,0.11,17.79,53.37,27.05,26.32
TXN00572,2023-08-31,CUST0200,PROD009,Winter Coat,Clothing,East,In-Store,Debit Card,1,149.99,0.13,130.49,130.49,84.35,46.14
TXN00456,2023-08-31,CUST0367,PROD009,Winter Coat,Clothing,East,Mobile App,Net Banking,3,149.99,0.14,128.99,386.97,222.1,164.87
TXN01118,2023-08-31,CUST0390,PROD001,"Laptop Pro 15""",Electronics,South,Mobile App,Debit Card,5,1199.99,0.15,1019.99,5099.95,2602.48,2497.47
TXN00625,2023-08-31,CUST0071,PROD024,SQL Mastery,Books,South,Online,Debit Card,3,34.99,0.05,33.24,99.72,52.6,47.12
TXN00262,2023-08-31,CUST0124,PROD017,Dumbbell Set,Sports,South,In-Store,Debit Card,3,79.99,0.09,72.79,218.37,131.21,87.16
TXN01614,2023-09-01,CUST0480,PROD025,ML for Beginners,Books,Central,Mobile App,Net Banking,1,29.99,0.0,29.99,29.99,18.44,11.55
TXN01177,2023-09-01,CUST0059,PROD013,Blender Pro,Home & Kitchen,East,In-Store,Credit Card,5,59.99,0.12,52.79,263.95,155.85,108.1
TXN00908,2023-09-01,CUST0110,PROD016,Yoga Mat,Sports,West,Online,UPI,1,34.99,0.02,34.29,34.29,21.52,12.77
TXN01144,2023-09-02,CUST0418,PROD027,Moisturizer SPF30,Beauty,North,Online,Cash,3,29.99,0.04,28.79,86.37,46.58,39.79
TXN01858,2023-09-02,CUST0494,PROD012,Coffee Maker,Home & Kitchen,West,In-Store,Debit Card,4,69.99,0.05,66.49,265.96,165.63,100.33
TXN00874,2023-09-02,CUST0236,PROD001,"Laptop Pro 15""",Electronics,West,Mobile App,Cash,4,1199.99,0.03,1163.99,4655.96,2255.1,2400.86
TXN01573,2023-09-02,CUST0445,PROD024,SQL Mastery,Books,South,Online,UPI,5,34.99,0.16,29.39,146.95,92.46,54.49
TXN01823,2023-09-03,CUST0011,PROD004,"Tablet 10""",Electronics,North,Online,UPI,1,399.99,0.08,367.99,367.99,183.67,184.32
TXN00299,2023-09-03,CUST0299,PROD029,Hair Dryer,Beauty,West,Mobile App,Cash,4,59.99,0.02,58.79,235.16,152.42,82.74
TXN00744,2023-09-03,CUST0343,PROD013,Blender Pro,Home & Kitchen,East,Online,Net Banking,2,59.99,0.16,50.39,100.78,47.18,53.6
TXN01781,2023-09-03,CUST0035,PROD013,Blender Pro,Home & Kitchen,East,In-Store,Debit Card,5,59.99,0.14,51.59,257.95,118.17,139.78
TXN01731,2023-09-03,CUST0110,PROD009,Winter Coat,Clothing,North,Online,Net Banking,2,149.99,0.05,142.49,284.98,155.3,129.68
TXN00515,2023-09-04,CUST0338,PROD021,Data Science Handbook,Books,South,Mobile App,Cash,5,49.99,0.13,43.49,217.45,102.96,114.49
TXN01427,2023-09-04,CUST0018,PROD017,Dumbbell Set,Sports,East,In-Store,Debit Card,3,79.99,0.08,73.59,220.77,129.16,91.61
TXN00931,2023-09-04,CUST0140,PROD023,Business Analytics,Books,Central,In-Store,Net Banking,2,44.99,0.0,44.99,89.98,57.29,32.69
TXN01021,2023-09-04,CUST0041,PROD015,Cutting Board,Home & Kitchen,East,In-Store,Net Banking,4,19.99,0.24,15.19,60.76,29.79,30.97
TXN01542,2023-09-04,CUST0422,PROD021,Data Science Handbook,Books,South,Online,Net Banking,1,49.99,0.19,40.49,40.49,19.36,21.13
TXN01814,2023-09-05,CUST0396,PROD028,Lipstick Set,Beauty,Central,Online,Debit Card,5,39.99,0.09,36.39,181.95,81.98,99.97
TXN00659,2023-09-05,CUST0376,PROD004,"Tablet 10""",Electronics,Central,In-Store,UPI,5,399.99,0.04,383.99,1919.95,994.58,925.37
TXN00886,2023-09-05,CUST0067,PROD022,Python Crash Course,Books,South,Online,Debit Card,3,39.99,0.17,33.19,99.57,46.52,53.05
TXN01531,2023-09-05,CUST0440,PROD007,Slim Jeans,Clothing,East,Online,Cash,4,59.99,0.08,55.19,220.76,124.6,96.16
TXN00408,2023-09-06,CUST0389,PROD009,Winter Coat,Clothing,Central,In-Store,Credit Card,2,149.99,0.23,115.49,230.98,122.75,108.23
TXN00328,2023-09-06,CUST0404,PROD013,Blender Pro,Home & Kitchen,East,Mobile App,Credit Card,3,59.99,0.14,51.59,154.77,73.69,81.08
TXN00825,2023-09-06,CUST0401,PROD015,Cutting Board,Home & Kitchen,North,Online,Credit Card,2,19.99,0.16,16.79,33.58,15.39,18.19
TXN00856,2023-09-06,CUST0235,PROD016,Yoga Mat,Sports,West,Online,Debit Card,4,34.99,0.09,31.84,127.36,75.37,51.99
TXN01533,2023-09-07,CUST0396,PROD013,Blender Pro,Home & Kitchen,Central,In-Store,Credit Card,2,59.99,0.06,56.39,112.78,68.95,43.83
TXN01098,2023-09-07,CUST0030,PROD030,Perfume 50ml,Beauty,East,Online,Cash,1,69.99,0.23,53.89,53.89,33.87,20.02
TXN00310,2023-09-08,CUST0271,PROD013,Blender Pro,Home & Kitchen,East,Mobile App,Net Banking,2,59.99,0.11,53.39,106.78,53.65,53.13
TXN00272,2023-09-08,CUST0095,PROD017,Dumbbell Set,Sports,Central,Mobile App,Credit Card,3,79.99,0.04,76.79,230.37,136.85,93.52
TXN01773,2023-09-08,CUST0347,PROD017,Dumbbell Set,Sports,West,Mobile App,Cash,1,79.99,0.07,74.39,74.39,41.34,33.05
TXN01514,2023-09-08,CUST0380,PROD030,Perfume 50ml,Beauty,Central,In-Store,UPI,1,69.99,0.04,67.19,67.19,33.05,34.14
TXN01433,2023-09-08,CUST0236,PROD016,Yoga Mat,Sports,East,Online,Cash,4,34.99,0.07,32.54,130.16,61.74,68.42
TXN01018,2023-09-09,CUST0036,PROD023,Business Analytics,Books,South,Online,Debit Card,2,44.99,0.11,40.04,80.08,36.13,43.95
TXN01592,2023-09-09,CUST0013,PROD008,Casual T-Shirt,Clothing,West,Online,UPI,4,24.99,0.1,22.49,89.96,47.27,42.69
TXN00562,2023-09-09,CUST0485,PROD008,Casual T-Shirt,Clothing,West,In-Store,Credit Card,3,24.99,0.12,21.99,65.97,29.8,36.17
TXN01802,2023-09-09,CUST0056,PROD002,Wireless Earbuds,Electronics,East,Mobile App,UPI,2,89.99,0.22,70.19,140.38,86.31,54.07
TXN00201,2023-09-10,CUST0014,PROD006,Running Jacket,Clothing,East,Mobile App,Cash,2,79.99,0.2,63.99,127.98,63.65,64.33
TXN00012,2023-09-10,CUST0047,PROD018,Resistance Bands,Sports,North,Online,Debit Card,2,19.99,0.25,14.99,29.98,14.32,15.66
TXN00887,2023-09-10,CUST0156,PROD024,SQL Mastery,Books,South,Online,Cash,1,34.99,0.2,27.99,27.99,17.87,10.12
TXN00451,2023-09-11,CUST0446,PROD001,"Laptop Pro 15""",Electronics,South,Online,Net Banking,2,1199.99,0.13,1043.99,2087.98,1135.56,952.42
TXN01831,2023-09-11,CUST0286,PROD021,Data Science Handbook,Books,West,In-Store,UPI,2,49.99,0.21,39.49,78.98,50.29,28.69
TXN01747,2023-09-11,CUST0233,PROD016,Yoga Mat,Sports,Central,Mobile App,UPI,1,34.99,0.05,33.24,33.24,21.17,12.07
TXN00697,2023-09-11,CUST0386,PROD002,Wireless Earbuds,Electronics,West,In-Store,Debit Card,5,89.99,0.23,69.29,346.45,166.58,179.87
TXN01453,2023-09-11,CUST0388,PROD025,ML for Beginners,Books,West,In-Store,Net Banking,5,29.99,0.1,26.99,134.95,83.91,51.04
TXN00268,2023-09-12,CUST0239,PROD023,Business Analytics,Books,North,Mobile App,Net Banking,3,44.99,0.07,41.84,125.52,69.36,56.16
TXN00638,2023-09-12,CUST0438,PROD006,Running Jacket,Clothing,West,Mobile App,Credit Card,5,79.99,0.19,64.79,323.95,146.57,177.38
TXN00722,2023-09-12,CUST0305,PROD010,Sneakers,Clothing,Central,Online,Credit Card,1,99.99,0.2,79.99,79.99,37.7,42.29
TXN01970,2023-09-12,CUST0121,PROD016,Yoga Mat,Sports,West,Mobile App,Debit Card,4,34.99,0.12,30.79,123.16,56.93,66.23
TXN01168,2023-09-12,CUST0050,PROD025,ML for Beginners,Books,North,Online,UPI,1,29.99,0.24,22.79,22.79,12.84,9.95
TXN01587,2023-09-12,CUST0099,PROD012,Coffee Maker,Home & Kitchen,Central,Online,Cash,5,69.99,0.13,60.89,304.45,191.82,112.63
TXN00547,2023-09-13,CUST0069,PROD007,Slim Jeans,Clothing,Central,Mobile App,UPI,4,59.99,0.2,47.99,191.96,93.16,98.8
TXN00569,2023-09-13,CUST0191,PROD017,Dumbbell Set,Sports,West,Mobile App,Credit Card,3,79.99,0.11,71.19,213.57,129.67,83.9
TXN00099,2023-09-13,CUST0321,PROD019,Water Bottle,Sports,West,Online,Debit Card,1,24.99,0.05,23.74,23.74,12.4,11.34
TXN00799,2023-09-13,CUST0143,PROD010,Sneakers,Clothing,Central,Mobile App,UPI,4,99.99,0.03,96.99,387.96,239.61,148.35
TXN00453,2023-09-13,CUST0229,PROD004,"Tablet 10""",Electronics,East,Online,Net Banking,4,399.99,0.2,319.99,1279.96,690.69,589.27
TXN01915,2023-09-14,CUST0440,PROD024,SQL Mastery,Books,West,Mobile App,Cash,3,34.99,0.25,26.24,78.72,36.92,41.8
TXN00929,2023-09-14,CUST0105,PROD015,Cutting Board,Home & Kitchen,South,In-Store,Cash,4,19.99,0.11,17.79,71.16,44.07,27.09
TXN01893,2023-09-14,CUST0319,PROD021,Data Science Handbook,Books,North,In-Store,Net Banking,2,49.99,0.04,47.99,95.98,57.84,38.14
TXN01705,2023-09-14,CUST0279,PROD029,Hair Dryer,Beauty,North,Mobile App,Credit Card,1,59.99,0.21,47.39,47.39,29.67,17.72
TXN01120,2023-09-15,CUST0405,PROD026,Vitamin C Serum,Beauty,North,Online,Cash,4,34.99,0.02,34.29,137.16,73.22,63.94
TXN00135,2023-09-15,CUST0114,PROD019,Water Bottle,Sports,Central,Online,Cash,3,24.99,0.13,21.74,65.22,30.77,34.45
TXN01607,2023-09-15,CUST0393,PROD017,Dumbbell Set,Sports,South,Online,UPI,4,79.99,0.15,67.99,271.96,124.61,147.35
TXN00742,2023-09-16,CUST0018,PROD016,Yoga Mat,Sports,West,Mobile App,Net Banking,1,34.99,0.25,26.24,26.24,15.66,10.58
TXN01536,2023-09-16,CUST0094,PROD019,Water Bottle,Sports,West,Mobile App,Debit Card,5,24.99,0.25,18.74,93.7,43.72,49.98
TXN01609,2023-09-16,CUST0033,PROD006,Running Jacket,Clothing,South,Online,Debit Card,4,79.99,0.1,71.99,287.96,184.11,103.85
TXN01891,2023-09-16,CUST0331,PROD013,Blender Pro,Home & Kitchen,East,In-Store,UPI,4,59.99,0.17,49.79,199.16,121.28,77.88
TXN00497,2023-09-17,CUST0324,PROD008,Casual T-Shirt,Clothing,North,Mobile App,Cash,1,24.99,0.18,20.49,20.49,12.88,7.61
TXN00998,2023-09-17,CUST0023,PROD023,Business Analytics,Books,West,Online,Credit Card,4,44.99,0.11,40.04,160.16,80.17,79.99
TXN01476,2023-09-17,CUST0035,PROD011,Air Fryer 5L,Home & Kitchen,East,Mobile App,Cash,4,89.99,0.16,75.59,302.36,193.63,108.73
TXN00836,2023-09-17,CUST0034,PROD014,Knife Set,Home & Kitchen,East,In-Store,Cash,1,44.99,0.21,35.54,35.54,20.96,14.58
TXN01280,2023-09-17,CUST0398,PROD019,Water Bottle,Sports,Central,In-Store,Debit Card,5,24.99,0.16,20.99,104.95,59.32,45.63
TXN01417,2023-09-17,CUST0056,PROD011,Air Fryer 5L,Home & Kitchen,West,In-Store,UPI,2,89.99,0.19,72.89,145.78,91.87,53.91
TXN01570,2023-09-17,CUST0363,PROD025,ML for Beginners,Books,West,Mobile App,UPI,2,29.99,0.02,29.39,58.78,37.24,21.54
TXN00015,2023-09-17,CUST0468,PROD016,Yoga Mat,Sports,North,Mobile App,UPI,3,34.99,0.24,26.59,79.77,48.05,31.72
TXN00222,2023-09-18,CUST0273,PROD020,Jump Rope,Sports,West,Mobile App,Cash,3,14.99,0.15,12.74,38.22,21.08,17.14
TXN01735,2023-09-18,CUST0456,PROD022,Python Crash Course,Books,West,Mobile App,Debit Card,2,39.99,0.12,35.19,70.38,45.03,25.35
TXN01345,2023-09-18,CUST0387,PROD008,Casual T-Shirt,Clothing,South,Online,Cash,2,24.99,0.02,24.49,48.98,27.45,21.53
TXN01326,2023-09-18,CUST0402,PROD022,Python Crash Course,Books,Central,Mobile App,UPI,3,39.99,0.13,34.79,104.37,63.27,41.1
TXN01792,2023-09-18,CUST0154,PROD006,Running Jacket,Clothing,West,Mobile App,Net Banking,4,79.99,0.12,70.39,281.56,145.18,136.38
TXN01948,2023-09-18,CUST0140,PROD022,Python Crash Course,Books,North,Online,Debit Card,2,39.99,0.15,33.99,67.98,41.1,26.88
TXN01732,2023-09-19,CUST0075,PROD025,ML for Beginners,Books,North,In-Store,Cash,1,29.99,0.04,28.79,28.79,13.69,15.1
TXN00176,2023-09-20,CUST0076,PROD003,Smart Watch,Electronics,West,Online,Debit Card,1,249.99,0.19,202.49,202.49,102.17,100.32
TXN01639,2023-09-20,CUST0438,PROD016,Yoga Mat,Sports,West,In-Store,UPI,3,34.99,0.17,29.04,87.12,45.05,42.07
TXN01993,2023-09-20,CUST0423,PROD008,Casual T-Shirt,Clothing,Central,Online,Credit Card,5,24.99,0.03,24.24,121.2,70.91,50.29
TXN01086,2023-09-20,CUST0366,PROD019,Water Bottle,Sports,South,Mobile App,Debit Card,5,24.99,0.03,24.24,121.2,54.77,66.43
TXN00890,2023-09-21,CUST0310,PROD005,USB-C Hub,Electronics,North,Mobile App,Credit Card,3,49.99,0.22,38.99,116.97,72.6,44.37
TXN00098,2023-09-21,CUST0423,PROD013,Blender Pro,Home & Kitchen,North,Mobile App,Cash,1,59.99,0.24,45.59,45.59,24.2,21.39
TXN00664,2023-09-21,CUST0053,PROD008,Casual T-Shirt,Clothing,South,Mobile App,UPI,1,24.99,0.0,24.99,24.99,14.36,10.63
TXN01982,2023-09-22,CUST0296,PROD024,SQL Mastery,Books,South,In-Store,Credit Card,2,34.99,0.21,27.64,55.28,26.31,28.97
TXN01895,2023-09-22,CUST0141,PROD009,Winter Coat,Clothing,Central,Online,Net Banking,3,149.99,0.16,125.99,377.97,176.79,201.18
TXN01471,2023-09-22,CUST0208,PROD003,Smart Watch,Electronics,West,Mobile App,Debit Card,3,249.99,0.18,204.99,614.97,368.42,246.55
TXN01290,2023-09-22,CUST0153,PROD019,Water Bottle,Sports,North,Online,Net Banking,1,24.99,0.14,21.49,21.49,10.22,11.27
TXN01659,2023-09-23,CUST0483,PROD003,Smart Watch,Electronics,West,Online,Net Banking,4,249.99,0.15,212.49,849.96,406.53,443.43
TXN00302,2023-09-23,CUST0286,PROD001,"Laptop Pro 15""",Electronics,Central,Mobile App,Cash,1,1199.99,0.06,1127.99,1127.99,622.8,505.19
TXN01292,2023-09-23,CUST0478,PROD002,Wireless Earbuds,Electronics,Central,Mobile App,UPI,3,89.99,0.02,88.19,264.57,149.5,115.07
TXN00975,2023-09-23,CUST0181,PROD021,Data Science Handbook,Books,South,Mobile App,Credit Card,2,49.99,0.19,40.49,80.98,41.22,39.76
TXN01266,2023-09-23,CUST0236,PROD017,Dumbbell Set,Sports,North,Online,Credit Card,4,79.99,0.17,66.39,265.56,144.08,121.48
TXN01249,2023-09-23,CUST0397,PROD016,Yoga Mat,Sports,Central,In-Store,Credit Card,3,34.99,0.08,32.19,96.57,49.9,46.67
TXN01350,2023-09-24,CUST0163,PROD028,Lipstick Set,Beauty,South,Mobile App,Credit Card,1,39.99,0.11,35.59,35.59,22.65,12.94
TXN01774,2023-09-24,CUST0182,PROD029,Hair Dryer,Beauty,Central,Mobile App,Net Banking,5,59.99,0.12,52.79,263.95,152.95,111.0
TXN01942,2023-09-24,CUST0071,PROD030,Perfume 50ml,Beauty,Central,Online,UPI,3,69.99,0.16,58.79,176.37,111.06,65.31
TXN00358,2023-09-24,CUST0212,PROD028,Lipstick Set,Beauty,East,In-Store,Credit Card,1,39.99,0.01,39.59,39.59,19.65,19.94
TXN01270,2023-09-24,CUST0050,PROD001,"Laptop Pro 15""",Electronics,South,Online,Credit Card,1,1199.99,0.04,1151.99,1151.99,721.12,430.87
TXN00416,2023-09-24,CUST0423,PROD014,Knife Set,Home & Kitchen,Central,In-Store,Cash,3,44.99,0.05,42.74,128.22,65.45,62.77
TXN00248,2023-09-24,CUST0227,PROD010,Sneakers,Clothing,North,Mobile App,Debit Card,5,99.99,0.04,95.99,479.95,247.47,232.48
TXN00583,2023-09-25,CUST0338,PROD013,Blender Pro,Home & Kitchen,North,Online,Debit Card,4,59.99,0.16,50.39,201.56,95.16,106.4
TXN01846,2023-09-25,CUST0449,PROD010,Sneakers,Clothing,East,Mobile App,Debit Card,2,99.99,0.25,74.99,149.98,67.65,82.33
TXN01860,2023-09-25,CUST0131,PROD025,ML for Beginners,Books,North,In-Store,Cash,2,29.99,0.03,29.09,58.18,34.57,23.61
TXN01387,2023-09-25,CUST0301,PROD012,Coffee Maker,Home & Kitchen,West,In-Store,Cash,3,69.99,0.14,60.19,180.57,85.83,94.74
TXN00397,2023-09-25,CUST0215,PROD022,Python Crash Course,Books,Central,Mobile App,Net Banking,5,39.99,0.02,39.19,195.95,103.35,92.6
TXN01758,2023-09-26,CUST0176,PROD023,Business Analytics,Books,East,Online,Net Banking,2,44.99,0.22,35.09,70.18,38.48,31.7
TXN00183,2023-09-26,CUST0500,PROD010,Sneakers,Clothing,East,Online,Cash,4,99.99,0.05,94.99,379.96,221.76,158.2
TXN00081,2023-09-26,CUST0306,PROD029,Hair Dryer,Beauty,East,Online,Debit Card,3,59.99,0.18,49.19,147.57,95.23,52.34
TXN01475,2023-09-26,CUST0460,PROD020,Jump Rope,Sports,South,Mobile App,Debit Card,1,14.99,0.21,11.84,11.84,7.33,4.51
TXN01912,2023-09-27,CUST0239,PROD006,Running Jacket,Clothing,North,Mobile App,Credit Card,1,79.99,0.02,78.39,78.39,44.68,33.71
TXN01537,2023-09-27,CUST0308,PROD007,Slim Jeans,Clothing,South,Mobile App,Cash,1,59.99,0.05,56.99,56.99,34.13,22.86
TXN01899,2023-09-27,CUST0095,PROD023,Business Analytics,Books,South,Online,Credit Card,1,44.99,0.19,36.44,36.44,22.07,14.37
TXN00858,2023-09-27,CUST0393,PROD030,Perfume 50ml,Beauty,Central,Online,Net Banking,2,69.99,0.15,59.49,118.98,76.66,42.32
TXN00150,2023-09-27,CUST0342,PROD016,Yoga Mat,Sports,East,Online,Debit Card,3,34.99,0.17,29.04,87.12,49.54,37.58
TXN01900,2023-09-28,CUST0064,PROD011,Air Fryer 5L,Home & Kitchen,Central,Mobile App,Credit Card,1,89.99,0.22,70.19,70.19,35.13,35.06
TXN01060,2023-09-28,CUST0373,PROD019,Water Bottle,Sports,East,In-Store,Debit Card,3,24.99,0.19,20.24,60.72,32.07,28.65
TXN00280,2023-09-28,CUST0471,PROD018,Resistance Bands,Sports,North,Online,Debit Card,5,19.99,0.24,15.19,75.95,48.97,26.98
TXN01233,2023-09-28,CUST0264,PROD009,Winter Coat,Clothing,East,In-Store,Net Banking,1,149.99,0.09,136.49,136.49,83.64,52.85
TXN01904,2023-09-28,CUST0221,PROD009,Winter Coat,Clothing,South,Online,UPI,2,149.99,0.09,136.49,272.98,162.44,110.54
TXN01815,2023-09-28,CUST0303,PROD008,Casual T-Shirt,Clothing,Central,Mobile App,Debit Card,5,24.99,0.07,23.24,116.2,61.37,54.83
TXN00911,2023-09-28,CUST0061,PROD009,Winter Coat,Clothing,South,In-Store,Net Banking,4,149.99,0.03,145.49,581.96,343.88,238.08
TXN01286,2023-09-28,CUST0415,PROD018,Resistance Bands,Sports,South,Online,Cash,2,19.99,0.05,18.99,37.98,18.32,19.66
TXN01094,2023-09-28,CUST0351,PROD028,Lipstick Set,Beauty,Central,Online,Cash,2,39.99,0.25,29.99,59.98,34.92,25.06
TXN01538,2023-09-29,CUST0086,PROD021,Data Science Handbook,Books,East,Online,Credit Card,5,49.99,0.09,45.49,227.45,112.83,114.62
TXN00275,2023-09-29,CUST0370,PROD001,"Laptop Pro 15""",Electronics,East,Mobile App,UPI,5,1199.99,0.14,1031.99,5159.95,2334.21,2825.74
TXN00030,2023-09-29,CUST0081,PROD001,"Laptop Pro 15""",Electronics,North,Mobile App,Credit Card,5,1199.99,0.12,1055.99,5279.95,3346.84,1933.11
TXN01336,2023-09-29,CUST0471,PROD016,Yoga Mat,Sports,West,In-Store,UPI,2,34.99,0.25,26.24,52.48,25.01,27.47
TXN00263,2023-09-29,CUST0069,PROD016,Yoga Mat,Sports,West,Online,UPI,5,34.99,0.1,31.49,157.45,83.97,73.48
TXN01354,2023-09-29,CUST0337,PROD024,SQL Mastery,Books,South,In-Store,Debit Card,5,34.99,0.06,32.89,164.45,85.47,78.98
TXN01857,2023-09-29,CUST0034,PROD013,Blender Pro,Home & Kitchen,Central,In-Store,UPI,2,59.99,0.11,53.39,106.78,48.35,58.43
TXN00817,2023-09-29,CUST0244,PROD005,USB-C Hub,Electronics,West,Online,UPI,3,49.99,0.07,46.49,139.47,78.56,60.91
TXN01730,2023-09-29,CUST0005,PROD021,Data Science Handbook,Books,East,Online,UPI,1,49.99,0.13,43.49,43.49,21.88,21.61
TXN01147,2023-09-30,CUST0275,PROD019,Water Bottle,Sports,South,In-Store,Credit Card,5,24.99,0.12,21.99,109.95,61.22,48.73
TXN01310,2023-09-30,CUST0027,PROD002,Wireless Earbuds,Electronics,East,Online,Cash,2,89.99,0.09,81.89,163.78,95.32,68.46
TXN00699,2023-09-30,CUST0120,PROD009,Winter Coat,Clothing,West,Mobile App,Net Banking,4,149.99,0.12,131.99,527.96,287.87,240.09
TXN00018,2023-09-30,CUST0393,PROD001,"Laptop Pro 15""",Electronics,South,Online,Net Banking,4,1199.99,0.2,959.99,3839.96,2479.07,1360.89
TXN01866,2023-09-30,CUST0171,PROD011,Air Fryer 5L,Home & Kitchen,West,Online,Net Banking,3,89.99,0.09,81.89,245.67,147.84,97.83
TXN00668,2023-10-01,CUST0041,PROD013,Blender Pro,Home & Kitchen,West,Mobile App,Debit Card,2,59.99,0.18,49.19,98.38,57.47,40.91
TXN00082,2023-10-01,CUST0065,PROD012,Coffee Maker,Home & Kitchen,East,Online,Credit Card,3,69.99,0.04,67.19,201.57,91.28,110.29
TXN00833,2023-10-01,CUST0444,PROD018,Resistance Bands,Sports,South,In-Store,Net Banking,3,19.99,0.23,15.39,46.17,27.1,19.07
TXN00110,2023-10-01,CUST0195,PROD029,Hair Dryer,Beauty,East,Mobile App,Net Banking,1,59.99,0.21,47.39,47.39,29.4,17.99
TXN00005,2023-10-02,CUST0064,PROD015,Cutting Board,Home & Kitchen,West,Online,Cash,3,19.99,0.2,15.99,47.97,28.59,19.38
TXN01524,2023-10-02,CUST0226,PROD001,"Laptop Pro 15""",Electronics,South,Mobile App,Credit Card,4,1199.99,0.12,1055.99,4223.96,2251.44,1972.52
TXN01584,2023-10-02,CUST0112,PROD002,Wireless Earbuds,Electronics,East,Online,Debit Card,2,89.99,0.16,75.59,151.18,83.09,68.09
TXN00080,2023-10-02,CUST0487,PROD012,Coffee Maker,Home & Kitchen,South,Online,Debit Card,1,69.99,0.18,57.39,57.39,29.45,27.94
TXN01616,2023-10-02,CUST0451,PROD029,Hair Dryer,Beauty,East,Online,Debit Card,4,59.99,0.23,46.19,184.76,88.8,95.96
TXN00653,2023-10-02,CUST0459,PROD016,Yoga Mat,Sports,East,In-Store,Net Banking,2,34.99,0.12,30.79,61.58,35.44,26.14
TXN01363,2023-10-02,CUST0203,PROD022,Python Crash Course,Books,South,In-Store,Debit Card,3,39.99,0.13,34.79,104.37,67.53,36.84
TXN01328,2023-10-03,CUST0376,PROD025,ML for Beginners,Books,North,Mobile App,Credit Card,5,29.99,0.16,25.19,125.95,75.17,50.78
TXN00877,2023-10-03,CUST0098,PROD017,Dumbbell Set,Sports,North,In-Store,Net Banking,2,79.99,0.11,71.19,142.38,81.9,60.48
TXN00609,2023-10-03,CUST0109,PROD014,Knife Set,Home & Kitchen,South,Mobile App,Cash,4,44.99,0.01,44.54,178.16,87.62,90.54
TXN00073,2023-10-03,CUST0397,PROD017,Dumbbell Set,Sports,West,In-Store,Net Banking,5,79.99,0.24,60.79,303.95,153.2,150.75
TXN01128,2023-10-03,CUST0337,PROD012,Coffee Maker,Home & Kitchen,Central,Online,Net Banking,3,69.99,0.04,67.19,201.57,129.88,71.69
TXN01055,2023-10-03,CUST0437,PROD025,ML for Beginners,Books,West,In-Store,Debit Card,5,29.99,0.06,28.19,140.95,74.57,66.38
TXN00232,2023-10-03,CUST0139,PROD014,Knife Set,Home & Kitchen,Central,Mobile App,UPI,3,44.99,0.19,36.44,109.32,53.87,55.45
TXN01575,2023-10-03,CUST0357,PROD027,Moisturizer SPF30,Beauty,East,In-Store,Debit Card,4,29.99,0.05,28.49,113.96,61.59,52.37
TXN01462,2023-10-03,CUST0062,PROD016,Yoga Mat,Sports,Central,Mobile App,Cash,4,34.99,0.24,26.59,106.36,66.65,39.71
TXN00253,2023-10-04,CUST0069,PROD019,Water Bottle,Sports,East,Online,Debit Card,4,24.99,0.02,24.49,97.96,62.97,34.99
TXN00066,2023-10-04,CUST0027,PROD014,Knife Set,Home & Kitchen,East,Online,Credit Card,3,44.99,0.21,35.54,106.62,58.01,48.61
TXN00818,2023-10-04,CUST0161,PROD003,Smart Watch,Electronics,South,In-Store,Net Banking,5,249.99,0.2,199.99,999.95,536.56,463.39
TXN00391,2023-10-04,CUST0136,PROD007,Slim Jeans,Clothing,East,In-Store,Debit Card,4,59.99,0.17,49.79,199.16,118.38,80.78
TXN01985,2023-10-05,CUST0091,PROD021,Data Science Handbook,Books,East,In-Store,UPI,1,49.99,0.17,41.49,41.49,20.06,21.43
TXN01305,2023-10-05,CUST0258,PROD012,Coffee Maker,Home & Kitchen,North,Online,UPI,5,69.99,0.22,54.59,272.95,140.23,132.72
TXN01975,2023-10-05,CUST0148,PROD025,ML for Beginners,Books,Central,Online,Debit Card,3,29.99,0.06,28.19,84.57,48.6,35.97
TXN01981,2023-10-05,CUST0077,PROD029,Hair Dryer,Beauty,Central,Mobile App,Net Banking,4,59.99,0.15,50.99,203.96,111.87,92.09
TXN01743,2023-10-05,CUST0284,PROD028,Lipstick Set,Beauty,East,Online,Net Banking,2,39.99,0.17,33.19,66.38,34.67,31.71
TXN00498,2023-10-06,CUST0458,PROD020,Jump Rope,Sports,Central,In-Store,Debit Card,2,14.99,0.23,11.54,23.08,12.93,10.15
TXN00476,2023-10-06,CUST0275,PROD010,Sneakers,Clothing,West,Online,UPI,1,99.99,0.2,79.99,79.99,38.55,41.44
TXN01979,2023-10-06,CUST0206,PROD004,"Tablet 10""",Electronics,West,In-Store,Net Banking,1,399.99,0.09,363.99,363.99,176.83,187.16
TXN00105,2023-10-06,CUST0194,PROD009,Winter Coat,Clothing,West,In-Store,Debit Card,5,149.99,0.12,131.99,659.95,340.86,319.09
TXN00188,2023-10-06,CUST0243,PROD006,Running Jacket,Clothing,East,Online,Debit Card,3,79.99,0.23,61.59,184.77,102.19,82.58
TXN01841,2023-10-07,CUST0153,PROD021,Data Science Handbook,Books,Central,Mobile App,UPI,5,49.99,0.23,38.49,192.45,120.1,72.35
TXN01248,2023-10-07,CUST0132,PROD028,Lipstick Set,Beauty,West,In-Store,UPI,4,39.99,0.12,35.19,140.76,73.22,67.54
TXN01677,2023-10-07,CUST0032,PROD004,"Tablet 10""",Electronics,Central,In-Store,Net Banking,3,399.99,0.19,323.99,971.97,533.12,438.85
TXN01707,2023-10-08,CUST0480,PROD016,Yoga Mat,Sports,West,Mobile App,Net Banking,3,34.99,0.18,28.69,86.07,52.45,33.62
TXN00862,2023-10-08,CUST0488,PROD003,Smart Watch,Electronics,Central,In-Store,Credit Card,3,249.99,0.2,199.99,599.97,359.24,240.73
TXN01868,2023-10-08,CUST0226,PROD020,Jump Rope,Sports,South,Online,Debit Card,1,14.99,0.03,14.54,14.54,9.42,5.12
TXN00454,2023-10-09,CUST0001,PROD026,Vitamin C Serum,Beauty,North,Mobile App,Cash,1,34.99,0.1,31.49,31.49,14.4,17.09
TXN00644,2023-10-09,CUST0034,PROD013,Blender Pro,Home & Kitchen,East,In-Store,Debit Card,4,59.99,0.21,47.39,189.56,114.06,75.5
TXN00097,2023-10-09,CUST0019,PROD029,Hair Dryer,Beauty,West,Online,UPI,3,59.99,0.17,49.79,149.37,79.18,70.19
TXN00592,2023-10-09,CUST0475,PROD022,Python Crash Course,Books,East,In-Store,Net Banking,5,39.99,0.14,34.39,171.95,90.28,81.67
TXN01931,2023-10-09,CUST0378,PROD013,Blender Pro,Home & Kitchen,Central,Online,Net Banking,2,59.99,0.12,52.79,105.58,61.6,43.98
TXN01237,2023-10-09,CUST0044,PROD030,Perfume 50ml,Beauty,East,In-Store,Debit Card,4,69.99,0.09,63.69,254.76,120.67,134.09
TXN00764,2023-10-10,CUST0060,PROD011,Air Fryer 5L,Home & Kitchen,East,Online,Net Banking,4,89.99,0.23,69.29,277.16,132.45,144.71
TXN00204,2023-10-10,CUST0328,PROD030,Perfume 50ml,Beauty,Central,Online,Debit Card,3,69.99,0.03,67.89,203.67,125.42,78.25
TXN00982,2023-10-10,CUST0388,PROD027,Moisturizer SPF30,Beauty,West,Mobile App,Net Banking,4,29.99,0.06,28.19,112.76,63.98,48.78
TXN01115,2023-10-10,CUST0395,PROD013,Blender Pro,Home & Kitchen,South,In-Store,UPI,1,59.99,0.02,58.79,58.79,26.62,32.17
TXN01150,2023-10-10,CUST0498,PROD012,Coffee Maker,Home & Kitchen,West,Online,Debit Card,3,69.99,0.12,61.59,184.77,114.01,70.76
TXN00997,2023-10-11,CUST0063,PROD011,Air Fryer 5L,Home & Kitchen,East,Online,Credit Card,2,89.99,0.23,69.29,138.58,73.76,64.82
TXN00739,2023-10-11,CUST0438,PROD022,Python Crash Course,Books,South,Online,Net Banking,5,39.99,0.23,30.79,153.95,87.08,66.87
TXN00988,2023-10-11,CUST0091,PROD024,SQL Mastery,Books,North,Mobile App,Cash,3,34.99,0.02,34.29,102.87,48.44,54.43
TXN00175,2023-10-11,CUST0479,PROD008,Casual T-Shirt,Clothing,North,Mobile App,Cash,1,24.99,0.16,20.99,20.99,13.12,7.87
TXN00351,2023-10-11,CUST0412,PROD017,Dumbbell Set,Sports,West,Online,UPI,2,79.99,0.23,61.59,123.18,76.56,46.62
TXN00930,2023-10-12,CUST0232,PROD007,Slim Jeans,Clothing,North,Online,Net Banking,5,59.99,0.24,45.59,227.95,146.41,81.54
TXN00933,2023-10-12,CUST0144,PROD011,Air Fryer 5L,Home & Kitchen,West,Online,Cash,4,89.99,0.17,74.69,298.76,184.07,114.69
TXN01285,2023-10-12,CUST0103,PROD029,Hair Dryer,Beauty,South,In-Store,Net Banking,4,59.99,0.03,58.19,232.76,134.41,98.35
TXN00365,2023-10-12,CUST0384,PROD012,Coffee Maker,Home & Kitchen,Central,Online,Credit Card,1,69.99,0.24,53.19,53.19,33.03,20.16
TXN01582,2023-10-13,CUST0031,PROD005,USB-C Hub,Electronics,East,Online,Debit Card,3,49.99,0.01,49.49,148.47,84.81,63.66
TXN01445,2023-10-13,CUST0007,PROD030,Perfume 50ml,Beauty,East,In-Store,UPI,3,69.99,0.14,60.19,180.57,98.43,82.14
TXN00841,2023-10-13,CUST0332,PROD019,Water Bottle,Sports,Central,Mobile App,Debit Card,5,24.99,0.06,23.49,117.45,75.12,42.33
TXN01119,2023-10-14,CUST0500,PROD002,Wireless Earbuds,Electronics,East,In-Store,Net Banking,2,89.99,0.1,80.99,161.98,95.94,66.04
TXN01264,2023-10-14,CUST0014,PROD019,Water Bottle,Sports,West,Online,Debit Card,4,24.99,0.24,18.99,75.96,41.19,34.77
TXN00773,2023-10-14,CUST0379,PROD016,Yoga Mat,Sports,West,Online,Credit Card,3,34.99,0.21,27.64,82.92,42.35,40.57
TXN00532,2023-10-14,CUST0038,PROD021,Data Science Handbook,Books,Central,In-Store,UPI,3,49.99,0.04,47.99,143.97,79.36,64.61
TXN01562,2023-10-14,CUST0276,PROD023,Business Analytics,Books,South,In-Store,Cash,5,44.99,0.18,36.89,184.45,103.68,80.77
TXN01289,2023-10-14,CUST0437,PROD024,SQL Mastery,Books,South,Online,Net Banking,5,34.99,0.09,31.84,159.2,91.33,67.87
TXN00959,2023-10-14,CUST0440,PROD027,Moisturizer SPF30,Beauty,North,In-Store,UPI,1,29.99,0.06,28.19,28.19,17.3,10.89
TXN01024,2023-10-15,CUST0311,PROD014,Knife Set,Home & Kitchen,West,Online,UPI,4,44.99,0.08,41.39,165.56,83.88,81.68
TXN00212,2023-10-15,CUST0055,PROD028,Lipstick Set,Beauty,East,Online,Net Banking,4,39.99,0.03,38.79,155.16,81.32,73.84
TXN00614,2023-10-15,CUST0475,PROD021,Data Science Handbook,Books,North,Online,Debit Card,2,49.99,0.05,47.49,94.98,61.11,33.87
TXN01258,2023-10-15,CUST0080,PROD008,Casual T-Shirt,Clothing,North,Mobile App,UPI,3,24.99,0.2,19.99,59.97,33.01,26.96
TXN01122,2023-10-15,CUST0400,PROD021,Data Science Handbook,Books,West,In-Store,Cash,2,49.99,0.11,44.49,88.98,49.1,39.88
TXN00227,2023-10-15,CUST0167,PROD024,SQL Mastery,Books,West,Mobile App,Net Banking,1,34.99,0.18,28.69,28.69,15.89,12.8
TXN01218,2023-10-15,CUST0034,PROD009,Winter Coat,Clothing,West,In-Store,Cash,5,149.99,0.2,119.99,599.95,377.82,222.13
TXN01844,2023-10-15,CUST0459,PROD014,Knife Set,Home & Kitchen,South,Online,UPI,5,44.99,0.03,43.64,218.2,105.12,113.08
TXN01468,2023-10-16,CUST0186,PROD010,Sneakers,Clothing,East,In-Store,Debit Card,3,99.99,0.01,98.99,296.97,185.91,111.06
TXN01295,2023-10-16,CUST0464,PROD026,Vitamin C Serum,Beauty,Central,Mobile App,Credit Card,2,34.99,0.12,30.79,61.58,37.63,23.95
TXN00301,2023-10-16,CUST0331,PROD002,Wireless Earbuds,Electronics,West,In-Store,Net Banking,3,89.99,0.04,86.39,259.17,148.38,110.79
TXN01624,2023-10-16,CUST0394,PROD020,Jump Rope,Sports,South,Mobile App,Net Banking,2,14.99,0.07,13.94,27.88,16.71,11.17
TXN00247,2023-10-16,CUST0058,PROD005,USB-C Hub,Electronics,North,Mobile App,Cash,4,49.99,0.13,43.49,173.96,90.87,83.09
TXN00131,2023-10-17,CUST0106,PROD001,"Laptop Pro 15""",Electronics,North,Mobile App,Debit Card,3,1199.99,0.06,1127.99,3383.97,1608.01,1775.96
TXN01267,2023-10-17,CUST0247,PROD011,Air Fryer 5L,Home & Kitchen,East,Online,Credit Card,3,89.99,0.15,76.49,229.47,140.98,88.49
TXN00159,2023-10-17,CUST0330,PROD020,Jump Rope,Sports,Central,In-Store,UPI,5,14.99,0.11,13.34,66.7,42.34,24.36
TXN01027,2023-10-17,CUST0084,PROD004,"Tablet 10""",Electronics,South,In-Store,UPI,1,399.99,0.25,299.99,299.99,142.46,157.53
TXN01518,2023-10-17,CUST0005,PROD013,Blender Pro,Home & Kitchen,South,Mobile App,Debit Card,1,59.99,0.04,57.59,57.59,28.78,28.81
TXN00032,2023-10-17,CUST0268,PROD021,Data Science Handbook,Books,East,In-Store,Debit Card,5,49.99,0.02,48.99,244.95,142.43,102.52
TXN01933,2023-10-17,CUST0298,PROD016,Yoga Mat,Sports,North,In-Store,UPI,5,34.99,0.21,27.64,138.2,76.21,61.99
TXN01161,2023-10-17,CUST0023,PROD006,Running Jacket,Clothing,Central,In-Store,Credit Card,2,79.99,0.07,74.39,148.78,96.01,52.77
TXN00113,2023-10-17,CUST0350,PROD013,Blender Pro,Home & Kitchen,South,Online,Debit Card,4,59.99,0.04,57.59,230.36,128.13,102.23
TXN00843,2023-10-18,CUST0061,PROD012,Coffee Maker,Home & Kitchen,North,Mobile App,Cash,1,69.99,0.24,53.19,53.19,25.75,27.44
TXN01613,2023-10-18,CUST0062,PROD004,"Tablet 10""",Electronics,South,Mobile App,Credit Card,1,399.99,0.14,343.99,343.99,210.78,133.21
TXN01691,2023-10-18,CUST0493,PROD003,Smart Watch,Electronics,South,Online,Credit Card,1,249.99,0.08,229.99,229.99,121.04,108.95
TXN01178,2023-10-18,CUST0017,PROD022,Python Crash Course,Books,Central,In-Store,Credit Card,4,39.99,0.04,38.39,153.56,75.66,77.9
TXN00812,2023-10-18,CUST0264,PROD023,Business Analytics,Books,West,In-Store,Credit Card,1,44.99,0.12,39.59,39.59,24.65,14.94
TXN00383,2023-10-18,CUST0017,PROD030,Perfume 50ml,Beauty,South,Mobile App,UPI,4,69.99,0.21,55.29,221.16,133.62,87.54
TXN01477,2023-10-18,CUST0268,PROD030,Perfume 50ml,Beauty,South,Online,UPI,1,69.99,0.24,53.19,53.19,24.53,28.66
TXN01262,2023-10-18,CUST0475,PROD020,Jump Rope,Sports,West,Mobile App,Debit Card,2,14.99,0.08,13.79,27.58,12.88,14.7
TXN00240,2023-10-18,CUST0346,PROD027,Moisturizer SPF30,Beauty,South,Online,Cash,1,29.99,0.18,24.59,24.59,14.95,9.64
TXN01467,2023-10-18,CUST0141,PROD029,Hair Dryer,Beauty,Central,Online,Debit Card,3,59.99,0.2,47.99,143.97,84.93,59.04
TXN01313,2023-10-18,CUST0394,PROD028,Lipstick Set,Beauty,Central,In-Store,Debit Card,5,39.99,0.12,35.19,175.95,99.33,76.62
TXN01254,2023-10-18,CUST0496,PROD023,Business Analytics,Books,East,In-Store,Credit Card,5,44.99,0.03,43.64,218.2,132.9,85.3
TXN00870,2023-10-19,CUST0417,PROD005,USB-C Hub,Electronics,East,In-Store,UPI,4,49.99,0.1,44.99,179.96,97.71,82.25
TXN00943,2023-10-19,CUST0439,PROD005,USB-C Hub,Electronics,South,Mobile App,UPI,2,49.99,0.19,40.49,80.98,38.5,42.48
TXN00920,2023-10-19,CUST0268,PROD002,Wireless Earbuds,Electronics,South,In-Store,Cash,5,89.99,0.14,77.39,386.95,232.76,154.19
TXN01526,2023-10-20,CUST0101,PROD026,Vitamin C Serum,Beauty,South,Online,Cash,4,34.99,0.12,30.79,123.16,75.89,47.27
TXN00413,2023-10-20,CUST0400,PROD011,Air Fryer 5L,Home & Kitchen,South,Online,Debit Card,3,89.99,0.01,89.09,267.27,122.93,144.34
TXN00628,2023-10-20,CUST0305,PROD005,USB-C Hub,Electronics,Central,Mobile App,Credit Card,4,49.99,0.18,40.99,163.96,86.71,77.25
TXN00596,2023-10-20,CUST0205,PROD022,Python Crash Course,Books,Central,Online,Credit Card,2,39.99,0.06,37.59,75.18,38.35,36.83
TXN01594,2023-10-20,CUST0278,PROD006,Running Jacket,Clothing,South,Mobile App,UPI,3,79.99,0.22,62.39,187.17,112.22,74.95
TXN00023,2023-10-20,CUST0296,PROD029,Hair Dryer,Beauty,West,Online,Net Banking,2,59.99,0.13,52.19,104.38,62.07,42.31
TXN00813,2023-10-20,CUST0200,PROD029,Hair Dryer,Beauty,East,Mobile App,Credit Card,5,59.99,0.01,59.39,296.95,152.43,144.52
TXN00602,2023-10-20,CUST0382,PROD014,Knife Set,Home & Kitchen,North,Mobile App,Net Banking,2,44.99,0.03,43.64,87.28,40.72,46.56
TXN01440,2023-10-20,CUST0134,PROD026,Vitamin C Serum,Beauty,East,Mobile App,Cash,4,34.99,0.24,26.59,106.36,64.74,41.62
TXN00763,2023-10-21,CUST0342,PROD028,Lipstick Set,Beauty,South,Mobile App,Net Banking,4,39.99,0.22,31.19,124.76,80.34,44.42
TXN00537,2023-10-21,CUST0138,PROD005,USB-C Hub,Electronics,South,Mobile App,Debit Card,2,49.99,0.12,43.99,87.98,45.81,42.17
TXN01579,2023-10-21,CUST0359,PROD026,Vitamin C Serum,Beauty,West,In-Store,Net Banking,3,34.99,0.02,34.29,102.87,65.76,37.11
TXN01767,2023-10-21,CUST0336,PROD021,Data Science Handbook,Books,South,In-Store,Cash,2,49.99,0.22,38.99,77.98,44.78,33.2
TXN01057,2023-10-21,CUST0245,PROD015,Cutting Board,Home & Kitchen,South,In-Store,UPI,1,19.99,0.07,18.59,18.59,11.52,7.07
TXN00906,2023-10-21,CUST0345,PROD013,Blender Pro,Home & Kitchen,South,Mobile App,Net Banking,3,59.99,0.17,49.79,149.37,91.57,57.8
TXN01068,2023-10-21,CUST0246,PROD020,Jump Rope,Sports,East,Mobile App,Credit Card,2,14.99,0.01,14.84,29.68,16.76,12.92
TXN00533,2023-10-22,CUST0129,PROD005,USB-C Hub,Electronics,West,In-Store,Cash,3,49.99,0.22,38.99,116.97,71.66,45.31
TXN00117,2023-10-22,CUST0152,PROD019,Water Bottle,Sports,East,Online,Net Banking,1,24.99,0.06,23.49,23.49,13.26,10.23
TXN00540,2023-10-22,CUST0445,PROD004,"Tablet 10""",Electronics,East,In-Store,Debit Card,3,399.99,0.16,335.99,1007.97,552.84,455.13
TXN00601,2023-10-22,CUST0259,PROD006,Running Jacket,Clothing,North,Online,Net Banking,4,79.99,0.24,60.79,243.16,146.03,97.13
TXN01920,2023-10-22,CUST0147,PROD021,Data Science Handbook,Books,North,Mobile App,UPI,1,49.99,0.22,38.99,38.99,22.53,16.46
TXN01872,2023-10-22,CUST0143,PROD018,Resistance Bands,Sports,North,In-Store,UPI,1,19.99,0.02,19.59,19.59,11.1,8.49
TXN00313,2023-10-22,CUST0197,PROD027,Moisturizer SPF30,Beauty,West,Online,Net Banking,5,29.99,0.1,26.99,134.95,76.83,58.12
TXN00094,2023-10-22,CUST0301,PROD001,"Laptop Pro 15""",Electronics,North,Mobile App,UPI,2,1199.99,0.24,911.99,1823.98,1125.75,698.23
TXN01892,2023-10-23,CUST0277,PROD006,Running Jacket,Clothing,West,In-Store,Net Banking,5,79.99,0.2,63.99,319.95,182.39,137.56
TXN01897,2023-10-23,CUST0193,PROD026,Vitamin C Serum,Beauty,North,Mobile App,Credit Card,3,34.99,0.08,32.19,96.57,46.74,49.83
TXN00589,2023-10-23,CUST0184,PROD025,ML for Beginners,Books,West,Mobile App,Net Banking,4,29.99,0.19,24.29,97.16,58.61,38.55
TXN00348,2023-10-23,CUST0322,PROD018,Resistance Bands,Sports,North,In-Store,Net Banking,5,19.99,0.02,19.59,97.95,58.03,39.92
TXN01053,2023-10-23,CUST0378,PROD023,Business Analytics,Books,North,In-Store,Credit Card,2,44.99,0.21,35.54,71.08,45.55,25.53
TXN01187,2023-10-23,CUST0490,PROD008,Casual T-Shirt,Clothing,North,In-Store,UPI,2,24.99,0.24,18.99,37.98,24.47,13.51
TXN01694,2023-10-24,CUST0356,PROD001,"Laptop Pro 15""",Electronics,Central,In-Store,UPI,1,1199.99,0.18,983.99,983.99,532.39,451.6
TXN01848,2023-10-24,CUST0148,PROD012,Coffee Maker,Home & Kitchen,East,Online,Cash,4,69.99,0.24,53.19,212.76,113.25,99.51
TXN01203,2023-10-24,CUST0444,PROD011,Air Fryer 5L,Home & Kitchen,North,Online,Net Banking,2,89.99,0.16,75.59,151.18,87.33,63.85
TXN00120,2023-10-24,CUST0187,PROD026,Vitamin C Serum,Beauty,South,Online,UPI,1,34.99,0.08,32.19,32.19,17.32,14.87
TXN01261,2023-10-24,CUST0072,PROD010,Sneakers,Clothing,South,In-Store,Debit Card,4,99.99,0.17,82.99,331.96,170.79,161.17
TXN00224,2023-10-24,CUST0296,PROD024,SQL Mastery,Books,South,Mobile App,Credit Card,3,34.99,0.24,26.59,79.77,48.39,31.38
TXN00543,2023-10-25,CUST0052,PROD018,Resistance Bands,Sports,East,In-Store,Cash,1,19.99,0.0,19.99,19.99,9.84,10.15
TXN00425,2023-10-25,CUST0484,PROD016,Yoga Mat,Sports,Central,Online,Net Banking,4,34.99,0.01,34.64,138.56,79.93,58.63
TXN00777,2023-10-25,CUST0030,PROD015,Cutting Board,Home & Kitchen,South,In-Store,Net Banking,5,19.99,0.0,19.99,99.95,50.17,49.78
TXN01061,2023-10-25,CUST0444,PROD030,Perfume 50ml,Beauty,North,Mobile App,UPI,4,69.99,0.02,68.59,274.36,141.21,133.15
TXN01553,2023-10-25,CUST0345,PROD021,Data Science Handbook,Books,Central,In-Store,Net Banking,1,49.99,0.24,37.99,37.99,18.91,19.08
TXN01821,2023-10-25,CUST0110,PROD023,Business Analytics,Books,Central,Mobile App,Cash,5,44.99,0.17,37.34,186.7,102.56,84.14
TXN00905,2023-10-25,CUST0290,PROD021,Data Science Handbook,Books,Central,Mobile App,Debit Card,4,49.99,0.08,45.99,183.96,91.47,92.49
TXN01293,2023-10-26,CUST0242,PROD020,Jump Rope,Sports,East,Mobile App,Credit Card,1,14.99,0.14,12.89,12.89,8.1,4.79
TXN00466,2023-10-26,CUST0293,PROD028,Lipstick Set,Beauty,West,Mobile App,Cash,1,39.99,0.19,32.39,32.39,18.22,14.17
TXN00973,2023-10-26,CUST0333,PROD029,Hair Dryer,Beauty,North,Online,Debit Card,4,59.99,0.07,55.79,223.16,118.32,104.84
TXN00114,2023-10-26,CUST0074,PROD005,USB-C Hub,Electronics,South,In-Store,UPI,4,49.99,0.15,42.49,169.96,84.67,85.29
TXN01784,2023-10-27,CUST0064,PROD023,Business Analytics,Books,West,In-Store,Net Banking,3,44.99,0.09,40.94,122.82,74.95,47.87
TXN00632,2023-10-27,CUST0481,PROD029,Hair Dryer,Beauty,Central,Online,Net Banking,1,59.99,0.18,49.19,49.19,23.25,25.94
TXN00061,2023-10-27,CUST0485,PROD019,Water Bottle,Sports,North,Mobile App,Net Banking,1,24.99,0.05,23.74,23.74,12.68,11.06
TXN01012,2023-10-27,CUST0230,PROD028,Lipstick Set,Beauty,West,Mobile App,Debit Card,4,39.99,0.02,39.19,156.76,71.1,85.66
TXN00461,2023-10-27,CUST0248,PROD005,USB-C Hub,Electronics,Central,Online,Cash,1,49.99,0.14,42.99,42.99,23.07,19.92
TXN00361,2023-10-27,CUST0056,PROD012,Coffee Maker,Home & Kitchen,South,Online,Debit Card,1,69.99,0.24,53.19,53.19,25.38,27.81
TXN01911,2023-10-28,CUST0162,PROD007,Slim Jeans,Clothing,North,In-Store,Debit Card,3,59.99,0.05,56.99,170.97,94.93,76.04
TXN01869,2023-10-28,CUST0210,PROD008,Casual T-Shirt,Clothing,North,In-Store,Cash,1,24.99,0.01,24.74,24.74,11.19,13.55
TXN00412,2023-10-28,CUST0283,PROD020,Jump Rope,Sports,East,In-Store,Debit Card,4,14.99,0.04,14.39,57.56,35.92,21.64
TXN01424,2023-10-28,CUST0014,PROD024,SQL Mastery,Books,South,Mobile App,Debit Card,5,34.99,0.02,34.29,171.45,93.9,77.55
TXN00265,2023-10-28,CUST0371,PROD020,Jump Rope,Sports,Central,Online,Net Banking,5,14.99,0.01,14.84,74.2,34.47,39.73
TXN00303,2023-10-29,CUST0354,PROD009,Winter Coat,Clothing,Central,Online,UPI,3,149.99,0.1,134.99,404.97,244.79,160.18
TXN01791,2023-10-29,CUST0267,PROD023,Business Analytics,Books,East,Mobile App,Debit Card,3,44.99,0.13,39.14,117.42,68.52,48.9
TXN01274,2023-10-29,CUST0253,PROD009,Winter Coat,Clothing,East,Mobile App,UPI,4,149.99,0.07,139.49,557.96,325.57,232.39
TXN01109,2023-10-30,CUST0323,PROD030,Perfume 50ml,Beauty,South,Online,Credit Card,5,69.99,0.05,66.49,332.45,215.6,116.85
TXN01572,2023-10-30,CUST0224,PROD015,Cutting Board,Home & Kitchen,North,Online,Credit Card,1,19.99,0.12,17.59,17.59,9.46,8.13
TXN00695,2023-10-30,CUST0379,PROD013,Blender Pro,Home & Kitchen,South,Mobile App,Net Banking,1,59.99,0.19,48.59,48.59,27.73,20.86
TXN00260,2023-10-30,CUST0451,PROD009,Winter Coat,Clothing,South,Mobile App,Net Banking,3,149.99,0.07,139.49,418.47,234.91,183.56
TXN00808,2023-10-30,CUST0498,PROD022,Python Crash Course,Books,West,Mobile App,UPI,5,39.99,0.01,39.59,197.95,99.51,98.44
TXN00741,2023-10-30,CUST0485,PROD008,Casual T-Shirt,Clothing,South,Mobile App,Credit Card,4,24.99,0.14,21.49,85.96,54.01,31.95
TXN01999,2023-10-30,CUST0269,PROD020,Jump Rope,Sports,West,Mobile App,Credit Card,5,14.99,0.24,11.39,56.95,27.02,29.93
TXN00667,2023-10-31,CUST0323,PROD001,"Laptop Pro 15""",Electronics,West,Mobile App,UPI,4,1199.99,0.1,1079.99,4319.96,2552.82,1767.14
TXN01200,2023-10-31,CUST0079,PROD006,Running Jacket,Clothing,North,Mobile App,Cash,1,79.99,0.01,79.19,79.19,35.82,43.37
TXN00064,2023-10-31,CUST0289,PROD017,Dumbbell Set,Sports,North,Online,Net Banking,5,79.99,0.13,69.59,347.95,219.69,128.26
TXN01798,2023-10-31,CUST0193,PROD010,Sneakers,Clothing,North,Online,Credit Card,2,99.99,0.08,91.99,183.98,104.79,79.19
TXN01718,2023-10-31,CUST0442,PROD010,Sneakers,Clothing,North,Mobile App,Net Banking,4,99.99,0.02,97.99,391.96,229.99,161.97
TXN00332,2023-10-31,CUST0116,PROD026,Vitamin C Serum,Beauty,Central,Mobile App,Net Banking,1,34.99,0.05,33.24,33.24,15.48,17.76
TXN01373,2023-10-31,CUST0128,PROD005,USB-C Hub,Electronics,North,Online,Net Banking,2,49.99,0.05,47.49,94.98,60.64,34.34
TXN01495,2023-10-31,CUST0241,PROD002,Wireless Earbuds,Electronics,North,Mobile App,Net Banking,2,89.99,0.08,82.79,165.58,90.4,75.18
TXN01123,2023-10-31,CUST0357,PROD012,Coffee Maker,Home & Kitchen,North,Mobile App,Net Banking,2,69.99,0.0,69.99,139.98,79.0,60.98
TXN00661,2023-11-01,CUST0447,PROD001,"Laptop Pro 15""",Electronics,North,In-Store,Net Banking,3,1199.99,0.23,923.99,2771.97,1628.28,1143.69
TXN00705,2023-11-01,CUST0337,PROD012,Coffee Maker,Home & Kitchen,South,Mobile App,Credit Card,1,69.99,0.01,69.29,69.29,32.45,36.84
TXN01152,2023-11-01,CUST0446,PROD011,Air Fryer 5L,Home & Kitchen,South,Online,Debit Card,1,89.99,0.17,74.69,74.69,34.71,39.98
TXN01671,2023-11-01,CUST0228,PROD017,Dumbbell Set,Sports,East,Online,UPI,4,79.99,0.16,67.19,268.76,150.79,117.97
TXN01023,2023-11-01,CUST0276,PROD019,Water Bottle,Sports,South,Mobile App,Debit Card,1,24.99,0.19,20.24,20.24,12.84,7.4
TXN00784,2023-11-02,CUST0268,PROD013,Blender Pro,Home & Kitchen,East,Online,UPI,3,59.99,0.03,58.19,174.57,93.99,80.58
TXN00880,2023-11-02,CUST0375,PROD029,Hair Dryer,Beauty,Central,In-Store,Credit Card,4,59.99,0.21,47.39,189.56,113.25,76.31
TXN00692,2023-11-02,CUST0384,PROD018,Resistance Bands,Sports,East,Mobile App,Cash,3,19.99,0.07,18.59,55.77,25.49,30.28
TXN00132,2023-11-02,CUST0002,PROD022,Python Crash Course,Books,East,Online,Debit Card,2,39.99,0.08,36.79,73.58,35.28,38.3
TXN00013,2023-11-02,CUST0240,PROD027,Moisturizer SPF30,Beauty,Central,In-Store,Cash,4,29.99,0.15,25.49,101.96,53.73,48.23
TXN01106,2023-11-02,CUST0378,PROD002,Wireless Earbuds,Electronics,North,In-Store,Net Banking,1,89.99,0.17,74.69,74.69,38.72,35.97
TXN00593,2023-11-02,CUST0009,PROD019,Water Bottle,Sports,Central,Online,UPI,1,24.99,0.18,20.49,20.49,13.25,7.24
TXN01918,2023-11-02,CUST0062,PROD029,Hair Dryer,Beauty,West,Online,Cash,3,59.99,0.18,49.19,147.57,90.7,56.87
TXN01742,2023-11-03,CUST0218,PROD008,Casual T-Shirt,Clothing,South,Mobile App,Debit Card,5,24.99,0.17,20.74,103.7,52.44,51.26
TXN01375,2023-11-03,CUST0209,PROD013,Blender Pro,Home & Kitchen,North,In-Store,Debit Card,2,59.99,0.01,59.39,118.78,69.82,48.96
TXN00103,2023-11-03,CUST0261,PROD009,Winter Coat,Clothing,South,Online,UPI,5,149.99,0.04,143.99,719.95,351.42,368.53
TXN01894,2023-11-03,CUST0026,PROD016,Yoga Mat,Sports,North,Mobile App,UPI,5,34.99,0.11,31.14,155.7,70.88,84.82
TXN00518,2023-11-03,CUST0449,PROD014,Knife Set,Home & Kitchen,Central,In-Store,UPI,2,44.99,0.23,34.64,69.28,32.34,36.94
TXN00849,2023-11-03,CUST0364,PROD009,Winter Coat,Clothing,North,Online,UPI,3,149.99,0.25,112.49,337.47,215.26,122.21
TXN01548,2023-11-03,CUST0443,PROD021,Data Science Handbook,Books,East,Online,Net Banking,1,49.99,0.25,37.49,37.49,21.39,16.1
TXN00953,2023-11-03,CUST0404,PROD019,Water Bottle,Sports,Central,Online,Net Banking,1,24.99,0.15,21.24,21.24,11.3,9.94
TXN00525,2023-11-04,CUST0223,PROD026,Vitamin C Serum,Beauty,North,Online,UPI,1,34.99,0.21,27.64,27.64,15.05,12.59
TXN00419,2023-11-04,CUST0207,PROD007,Slim Jeans,Clothing,East,Mobile App,Debit Card,5,59.99,0.19,48.59,242.95,153.04,89.91
TXN00788,2023-11-05,CUST0106,PROD003,Smart Watch,Electronics,Central,Online,Debit Card,1,249.99,0.19,202.49,202.49,122.8,79.69
TXN01898,2023-11-05,CUST0439,PROD029,Hair Dryer,Beauty,Central,Mobile App,Net Banking,1,59.99,0.1,53.99,53.99,26.89,27.1
TXN00507,2023-11-05,CUST0368,PROD028,Lipstick Set,Beauty,North,Mobile App,Debit Card,2,39.99,0.04,38.39,76.78,36.97,39.81
TXN00912,2023-11-05,CUST0437,PROD002,Wireless Earbuds,Electronics,West,Online,Credit Card,5,89.99,0.09,81.89,409.45,262.2,147.25
TXN01702,2023-11-05,CUST0130,PROD030,Perfume 50ml,Beauty,South,In-Store,UPI,4,69.99,0.09,63.69,254.76,136.64,118.12
TXN01381,2023-11-06,CUST0129,PROD022,Python Crash Course,Books,West,In-Store,Debit Card,5,39.99,0.24,30.39,151.95,79.66,72.29
TXN01367,2023-11-06,CUST0471,PROD024,SQL Mastery,Books,South,Online,Cash,1,34.99,0.0,34.99,34.99,21.56,13.43
TXN00195,2023-11-06,CUST0079,PROD028,Lipstick Set,Beauty,West,In-Store,UPI,3,39.99,0.1,35.99,107.97,60.84,47.13
TXN00585,2023-11-07,CUST0368,PROD025,ML for Beginners,Books,North,Online,Debit Card,5,29.99,0.06,28.19,140.95,73.76,67.19
TXN00916,2023-11-07,CUST0068,PROD024,SQL Mastery,Books,South,Mobile App,Net Banking,3,34.99,0.2,27.99,83.97,45.77,38.2
TXN00211,2023-11-07,CUST0074,PROD009,Winter Coat,Clothing,East,Mobile App,UPI,4,149.99,0.12,131.99,527.96,259.13,268.83
TXN00550,2023-11-07,CUST0102,PROD011,Air Fryer 5L,Home & Kitchen,Central,Mobile App,Cash,4,89.99,0.03,87.29,349.16,217.69,131.47
TXN00496,2023-11-07,CUST0042,PROD013,Blender Pro,Home & Kitchen,East,Online,Cash,4,59.99,0.14,51.59,206.36,100.12,106.24
TXN00051,2023-11-07,CUST0336,PROD003,Smart Watch,Electronics,East,In-Store,Net Banking,3,249.99,0.05,237.49,712.47,432.58,279.89
TXN00486,2023-11-07,CUST0045,PROD015,Cutting Board,Home & Kitchen,East,In-Store,Net Banking,1,19.99,0.07,18.59,18.59,10.92,7.67
TXN00514,2023-11-07,CUST0050,PROD010,Sneakers,Clothing,South,In-Store,Cash,5,99.99,0.17,82.99,414.95,255.32,159.63
TXN00531,2023-11-07,CUST0494,PROD023,Business Analytics,Books,South,In-Store,Net Banking,3,44.99,0.24,34.19,102.57,51.83,50.74
TXN01684,2023-11-08,CUST0132,PROD023,Business Analytics,Books,East,Online,UPI,5,44.99,0.1,40.49,202.45,124.9,77.55
TXN01403,2023-11-08,CUST0102,PROD028,Lipstick Set,Beauty,Central,In-Store,Debit Card,1,39.99,0.04,38.39,38.39,17.62,20.77
TXN01219,2023-11-08,CUST0485,PROD010,Sneakers,Clothing,North,Mobile App,Net Banking,2,99.99,0.03,96.99,193.98,98.08,95.9
TXN01926,2023-11-08,CUST0046,PROD005,USB-C Hub,Electronics,North,In-Store,Debit Card,2,49.99,0.09,45.49,90.98,48.18,42.8
TXN00765,2023-11-08,CUST0329,PROD022,Python Crash Course,Books,South,Mobile App,Cash,4,39.99,0.09,36.39,145.56,75.0,70.56
TXN00439,2023-11-08,CUST0103,PROD003,Smart Watch,Electronics,East,Mobile App,Debit Card,1,249.99,0.2,199.99,199.99,109.9,90.09
TXN00736,2023-11-09,CUST0233,PROD024,SQL Mastery,Books,South,In-Store,UPI,1,34.99,0.22,27.29,27.29,13.07,14.22
TXN00891,2023-11-09,CUST0401,PROD019,Water Bottle,Sports,North,Mobile App,Credit Card,1,24.99,0.24,18.99,18.99,11.51,7.48
TXN01488,2023-11-09,CUST0108,PROD015,Cutting Board,Home & Kitchen,Central,Mobile App,Debit Card,4,19.99,0.03,19.39,77.56,39.56,38.0
TXN01880,2023-11-09,CUST0429,PROD025,ML for Beginners,Books,West,In-Store,UPI,2,29.99,0.24,22.79,45.58,24.38,21.2
TXN01425,2023-11-09,CUST0307,PROD008,Casual T-Shirt,Clothing,West,Online,Debit Card,3,24.99,0.08,22.99,68.97,42.39,26.58
TXN00635,2023-11-10,CUST0487,PROD005,USB-C Hub,Electronics,South,In-Store,Cash,4,49.99,0.18,40.99,163.96,105.76,58.2
TXN01228,2023-11-10,CUST0406,PROD001,"Laptop Pro 15""",Electronics,West,In-Store,Debit Card,3,1199.99,0.02,1175.99,3527.97,1819.96,1708.01
TXN00447,2023-11-10,CUST0015,PROD029,Hair Dryer,Beauty,South,In-Store,Net Banking,2,59.99,0.15,50.99,101.98,61.78,40.2
TXN01127,2023-11-10,CUST0151,PROD005,USB-C Hub,Electronics,East,Online,Credit Card,3,49.99,0.18,40.99,122.97,65.38,57.59
TXN00057,2023-11-10,CUST0418,PROD025,ML for Beginners,Books,Central,In-Store,Cash,3,29.99,0.24,22.79,68.37,42.96,25.41
TXN00544,2023-11-10,CUST0176,PROD012,Coffee Maker,Home & Kitchen,East,Online,Net Banking,5,69.99,0.07,65.09,325.45,163.99,161.46
TXN00726,2023-11-10,CUST0193,PROD021,Data Science Handbook,Books,South,Online,Net Banking,2,49.99,0.02,48.99,97.98,60.7,37.28
TXN01045,2023-11-10,CUST0407,PROD003,Smart Watch,Electronics,North,In-Store,Net Banking,4,249.99,0.06,234.99,939.96,514.07,425.89
TXN01577,2023-11-11,CUST0033,PROD003,Smart Watch,Electronics,Central,In-Store,Debit Card,5,249.99,0.03,242.49,1212.45,782.6,429.85
TXN00500,2023-11-11,CUST0351,PROD004,"Tablet 10""",Electronics,South,Mobile App,Debit Card,3,399.99,0.13,347.99,1043.97,608.15,435.82
TXN00971,2023-11-11,CUST0034,PROD017,Dumbbell Set,Sports,South,Mobile App,Net Banking,1,79.99,0.2,63.99,63.99,38.92,25.07
TXN00378,2023-11-11,CUST0104,PROD006,Running Jacket,Clothing,South,In-Store,Debit Card,5,79.99,0.12,70.39,351.95,181.73,170.22
TXN01415,2023-11-12,CUST0234,PROD020,Jump Rope,Sports,Central,Mobile App,Net Banking,2,14.99,0.19,12.14,24.28,13.06,11.22
TXN00343,2023-11-12,CUST0079,PROD019,Water Bottle,Sports,East,Online,UPI,4,24.99,0.02,24.49,97.96,54.59,43.37
TXN00179,2023-11-12,CUST0003,PROD014,Knife Set,Home & Kitchen,North,Online,UPI,2,44.99,0.19,36.44,72.88,39.63,33.25
TXN00128,2023-11-12,CUST0209,PROD027,Moisturizer SPF30,Beauty,East,Online,UPI,4,29.99,0.16,25.19,100.76,62.14,38.62
TXN00050,2023-11-12,CUST0292,PROD009,Winter Coat,Clothing,East,In-Store,Cash,4,149.99,0.17,124.49,497.96,313.99,183.97
TXN01388,2023-11-12,CUST0343,PROD025,ML for Beginners,Books,West,Online,Debit Card,3,29.99,0.24,22.79,68.37,40.85,27.52
TXN00604,2023-11-12,CUST0377,PROD009,Winter Coat,Clothing,Central,Online,Debit Card,4,149.99,0.16,125.99,503.96,246.55,257.41
TXN00623,2023-11-12,CUST0137,PROD002,Wireless Earbuds,Electronics,Central,Mobile App,Cash,2,89.99,0.01,89.09,178.18,115.32,62.86
TXN00493,2023-11-12,CUST0338,PROD021,Data Science Handbook,Books,East,Mobile App,Cash,2,49.99,0.08,45.99,91.98,49.68,42.3
TXN01343,2023-11-12,CUST0161,PROD006,Running Jacket,Clothing,North,In-Store,UPI,2,79.99,0.11,71.19,142.38,71.99,70.39
TXN00748,2023-11-13,CUST0021,PROD023,Business Analytics,Books,East,In-Store,Debit Card,1,44.99,0.03,43.64,43.64,22.83,20.81
TXN00477,2023-11-13,CUST0272,PROD007,Slim Jeans,Clothing,West,Mobile App,Credit Card,3,59.99,0.08,55.19,165.57,84.23,81.34
TXN01494,2023-11-13,CUST0258,PROD015,Cutting Board,Home & Kitchen,West,In-Store,Credit Card,5,19.99,0.18,16.39,81.95,49.95,32.0
TXN00995,2023-11-13,CUST0376,PROD020,Jump Rope,Sports,West,In-Store,Net Banking,2,14.99,0.1,13.49,26.98,13.11,13.87
TXN00846,2023-11-13,CUST0231,PROD017,Dumbbell Set,Sports,South,In-Store,Cash,1,79.99,0.07,74.39,74.39,37.37,37.02
TXN00086,2023-11-13,CUST0116,PROD006,Running Jacket,Clothing,Central,In-Store,Net Banking,5,79.99,0.19,64.79,323.95,185.06,138.89
TXN01107,2023-11-13,CUST0079,PROD013,Blender Pro,Home & Kitchen,Central,Online,Debit Card,4,59.99,0.02,58.79,235.16,126.0,109.16
TXN01281,2023-11-13,CUST0425,PROD028,Lipstick Set,Beauty,West,Online,Credit Card,5,39.99,0.24,30.39,151.95,78.96,72.99
TXN01265,2023-11-14,CUST0279,PROD023,Business Analytics,Books,Central,In-Store,Credit Card,2,44.99,0.15,38.24,76.48,40.12,36.36
TXN00956,2023-11-14,CUST0228,PROD030,Perfume 50ml,Beauty,South,Online,Debit Card,3,69.99,0.09,63.69,191.07,104.38,86.69
TXN01667,2023-11-14,CUST0248,PROD017,Dumbbell Set,Sports,Central,Online,UPI,2,79.99,0.16,67.19,134.38,69.27,65.11
TXN01996,2023-11-14,CUST0454,PROD012,Coffee Maker,Home & Kitchen,South,In-Store,Net Banking,1,69.99,0.05,66.49,66.49,32.23,34.26
TXN00673,2023-11-14,CUST0125,PROD015,Cutting Board,Home & Kitchen,Central,Online,Net Banking,4,19.99,0.1,17.99,71.96,38.33,33.63
TXN00087,2023-11-14,CUST0031,PROD018,Resistance Bands,Sports,Central,Mobile App,Credit Card,5,19.99,0.25,14.99,74.95,38.31,36.64
TXN00478,2023-11-15,CUST0125,PROD003,Smart Watch,Electronics,North,Mobile App,UPI,4,249.99,0.06,234.99,939.96,543.72,396.24
TXN00444,2023-11-15,CUST0138,PROD002,Wireless Earbuds,Electronics,North,In-Store,UPI,2,89.99,0.08,82.79,165.58,104.13,61.45
TXN00917,2023-11-16,CUST0341,PROD019,Water Bottle,Sports,Central,In-Store,Net Banking,2,24.99,0.22,19.49,38.98,20.08,18.9
TXN01007,2023-11-16,CUST0107,PROD021,Data Science Handbook,Books,Central,In-Store,Net Banking,3,49.99,0.08,45.99,137.97,79.38,58.59
TXN01142,2023-11-16,CUST0419,PROD009,Winter Coat,Clothing,East,In-Store,Credit Card,2,149.99,0.22,116.99,233.98,137.45,96.53
TXN01622,2023-11-16,CUST0212,PROD009,Winter Coat,Clothing,North,Online,Debit Card,1,149.99,0.14,128.99,128.99,69.71,59.28
TXN01935,2023-11-16,CUST0294,PROD030,Perfume 50ml,Beauty,West,Mobile App,UPI,5,69.99,0.24,53.19,265.95,142.06,123.89
TXN01751,2023-11-16,CUST0369,PROD030,Perfume 50ml,Beauty,East,In-Store,Net Banking,1,69.99,0.0,69.99,69.99,36.22,33.77
TXN01600,2023-11-17,CUST0159,PROD023,Business Analytics,Books,South,Mobile App,UPI,4,44.99,0.17,37.34,149.36,88.43,60.93
TXN00950,2023-11-17,CUST0229,PROD006,Running Jacket,Clothing,Central,Online,Credit Card,5,79.99,0.15,67.99,339.95,204.93,135.02
TXN01165,2023-11-17,CUST0048,PROD003,Smart Watch,Electronics,South,Online,Debit Card,2,249.99,0.04,239.99,479.98,260.45,219.53
TXN01733,2023-11-17,CUST0186,PROD005,USB-C Hub,Electronics,South,In-Store,Net Banking,2,49.99,0.06,46.99,93.98,56.45,37.53
TXN01683,2023-11-18,CUST0382,PROD022,Python Crash Course,Books,Central,In-Store,UPI,4,39.99,0.05,37.99,151.96,84.68,67.28
TXN00640,2023-11-18,CUST0286,PROD021,Data Science Handbook,Books,South,Online,Debit Card,2,49.99,0.22,38.99,77.98,39.43,38.55
TXN01545,2023-11-18,CUST0307,PROD026,Vitamin C Serum,Beauty,West,Online,Net Banking,5,34.99,0.08,32.19,160.95,75.73,85.22
TXN00754,2023-11-18,CUST0012,PROD027,Moisturizer SPF30,Beauty,East,In-Store,Cash,4,29.99,0.04,28.79,115.16,56.53,58.63
TXN00801,2023-11-18,CUST0483,PROD016,Yoga Mat,Sports,South,Online,Credit Card,1,34.99,0.06,32.89,32.89,18.07,14.82
TXN01137,2023-11-18,CUST0279,PROD017,Dumbbell Set,Sports,North,Online,Credit Card,2,79.99,0.01,79.19,158.38,93.19,65.19
TXN01555,2023-11-19,CUST0485,PROD029,Hair Dryer,Beauty,East,Online,UPI,1,59.99,0.05,56.99,56.99,27.71,29.28
TXN01952,2023-11-19,CUST0268,PROD003,Smart Watch,Electronics,South,Mobile App,Net Banking,1,249.99,0.11,222.49,222.49,134.55,87.94
TXN01319,2023-11-19,CUST0090,PROD013,Blender Pro,Home & Kitchen,South,Mobile App,Credit Card,3,59.99,0.22,46.79,140.37,66.74,73.63
TXN01740,2023-11-19,CUST0138,PROD015,Cutting Board,Home & Kitchen,East,In-Store,Cash,5,19.99,0.15,16.99,84.95,39.3,45.65
TXN01412,2023-11-20,CUST0096,PROD018,Resistance Bands,Sports,West,Online,Net Banking,1,19.99,0.23,15.39,15.39,8.52,6.87
TXN00964,2023-11-20,CUST0300,PROD005,USB-C Hub,Electronics,East,Online,Credit Card,1,49.99,0.04,47.99,47.99,25.82,22.17
TXN01097,2023-11-20,CUST0292,PROD013,Blender Pro,Home & Kitchen,West,Online,UPI,4,59.99,0.07,55.79,223.16,109.93,113.23
TXN01829,2023-11-20,CUST0180,PROD010,Sneakers,Clothing,North,In-Store,Net Banking,5,99.99,0.05,94.99,474.95,307.87,167.08
TXN00457,2023-11-21,CUST0494,PROD001,"Laptop Pro 15""",Electronics,East,Mobile App,Cash,2,1199.99,0.0,1199.99,2399.98,1250.46,1149.52
TXN01050,2023-11-21,CUST0372,PROD029,Hair Dryer,Beauty,West,Online,UPI,1,59.99,0.17,49.79,49.79,31.59,18.2
TXN00428,2023-11-21,CUST0030,PROD004,"Tablet 10""",Electronics,North,In-Store,UPI,3,399.99,0.16,335.99,1007.97,489.23,518.74
TXN01111,2023-11-21,CUST0119,PROD001,"Laptop Pro 15""",Electronics,South,In-Store,Net Banking,4,1199.99,0.1,1079.99,4319.96,2208.75,2111.21
TXN01887,2023-11-21,CUST0280,PROD022,Python Crash Course,Books,North,Mobile App,UPI,5,39.99,0.11,35.59,177.95,95.1,82.85
TXN00902,2023-11-22,CUST0082,PROD005,USB-C Hub,Electronics,North,Online,Cash,5,49.99,0.08,45.99,229.95,119.15,110.8
TXN00854,2023-11-22,CUST0409,PROD014,Knife Set,Home & Kitchen,West,Online,Debit Card,2,44.99,0.14,38.69,77.38,49.1,28.28
TXN00774,2023-11-22,CUST0242,PROD002,Wireless Earbuds,Electronics,North,Mobile App,UPI,3,89.99,0.08,82.79,248.37,143.59,104.78
TXN00206,2023-11-22,CUST0490,PROD015,Cutting Board,Home & Kitchen,Central,In-Store,Debit Card,3,19.99,0.21,15.79,47.37,23.69,23.68
TXN00072,2023-11-22,CUST0457,PROD004,"Tablet 10""",Electronics,West,Mobile App,Debit Card,4,399.99,0.03,387.99,1551.96,996.6,555.36
TXN01443,2023-11-22,CUST0163,PROD004,"Tablet 10""",Electronics,North,Online,Debit Card,2,399.99,0.07,371.99,743.98,403.6,340.38
TXN01146,2023-11-22,CUST0171,PROD019,Water Bottle,Sports,South,Mobile App,Debit Card,4,24.99,0.17,20.74,82.96,44.2,38.76
TXN00279,2023-11-23,CUST0005,PROD004,"Tablet 10""",Electronics,South,Online,Net Banking,4,399.99,0.09,363.99,1455.96,793.79,662.17
TXN01889,2023-11-23,CUST0300,PROD026,Vitamin C Serum,Beauty,North,Online,Debit Card,1,34.99,0.08,32.19,32.19,19.36,12.83
TXN00622,2023-11-23,CUST0478,PROD014,Knife Set,Home & Kitchen,East,Online,Debit Card,4,44.99,0.08,41.39,165.56,99.19,66.37
TXN01835,2023-11-23,CUST0163,PROD028,Lipstick Set,Beauty,South,In-Store,Cash,1,39.99,0.16,33.59,33.59,15.33,18.26
TXN00058,2023-11-23,CUST0142,PROD017,Dumbbell Set,Sports,Central,In-Store,Debit Card,4,79.99,0.11,71.19,284.76,170.96,113.8
TXN01044,2023-11-23,CUST0491,PROD024,SQL Mastery,Books,East,Online,UPI,5,34.99,0.1,31.49,157.45,76.77,80.68
TXN00573,2023-11-23,CUST0153,PROD026,Vitamin C Serum,Beauty,South,In-Store,Credit Card,5,34.99,0.13,30.44,152.2,76.2,76.0
TXN01953,2023-11-23,CUST0144,PROD029,Hair Dryer,Beauty,East,Online,Net Banking,2,59.99,0.01,59.39,118.78,62.2,56.58
TXN01438,2023-11-23,CUST0416,PROD001,"Laptop Pro 15""",Electronics,North,In-Store,Cash,3,1199.99,0.09,1091.99,3275.97,1570.34,1705.63
TXN01777,2023-11-23,CUST0385,PROD014,Knife Set,Home & Kitchen,South,In-Store,Cash,2,44.99,0.19,36.44,72.88,35.94,36.94
TXN00418,2023-11-24,CUST0167,PROD011,Air Fryer 5L,Home & Kitchen,East,In-Store,UPI,4,89.99,0.02,88.19,352.76,228.47,124.29
TXN01087,2023-11-24,CUST0499,PROD009,Winter Coat,Clothing,East,Mobile App,Debit Card,5,149.99,0.18,122.99,614.95,283.23,331.72
TXN00252,2023-11-25,CUST0374,PROD016,Yoga Mat,Sports,West,In-Store,Net Banking,3,34.99,0.1,31.49,94.47,57.04,37.43
TXN00450,2023-11-25,CUST0198,PROD004,"Tablet 10""",Electronics,South,Mobile App,Cash,2,399.99,0.12,351.99,703.98,410.24,293.74
TXN01225,2023-11-25,CUST0496,PROD004,"Tablet 10""",Electronics,North,In-Store,Cash,3,399.99,0.17,331.99,995.97,538.74,457.23
TXN01397,2023-11-25,CUST0246,PROD021,Data Science Handbook,Books,West,Online,UPI,5,49.99,0.07,46.49,232.45,134.69,97.76
TXN01288,2023-11-25,CUST0271,PROD003,Smart Watch,Electronics,West,Online,Debit Card,2,249.99,0.17,207.49,414.98,266.23,148.75
TXN01983,2023-11-26,CUST0096,PROD030,Perfume 50ml,Beauty,South,In-Store,Credit Card,3,69.99,0.17,58.09,174.27,78.44,95.83
TXN00710,2023-11-26,CUST0055,PROD002,Wireless Earbuds,Electronics,West,Mobile App,UPI,5,89.99,0.19,72.89,364.45,179.92,184.53
TXN01372,2023-11-26,CUST0160,PROD017,Dumbbell Set,Sports,East,Online,Credit Card,4,79.99,0.09,72.79,291.16,163.82,127.34
TXN01808,2023-11-26,CUST0343,PROD022,Python Crash Course,Books,Central,Mobile App,Cash,4,39.99,0.11,35.59,142.36,67.55,74.81
TXN01517,2023-11-26,CUST0415,PROD018,Resistance Bands,Sports,West,In-Store,Credit Card,2,19.99,0.25,14.99,29.98,14.0,15.98
TXN01991,2023-11-27,CUST0251,PROD005,USB-C Hub,Electronics,Central,In-Store,Net Banking,4,49.99,0.09,45.49,181.96,82.82,99.14
TXN01761,2023-11-27,CUST0358,PROD024,SQL Mastery,Books,North,In-Store,Credit Card,1,34.99,0.17,29.04,29.04,16.34,12.7
TXN01668,2023-11-27,CUST0097,PROD014,Knife Set,Home & Kitchen,Central,Mobile App,Credit Card,3,44.99,0.15,38.24,114.72,63.93,50.79
TXN00033,2023-11-27,CUST0154,PROD028,Lipstick Set,Beauty,West,In-Store,Credit Card,2,39.99,0.07,37.19,74.38,35.42,38.96
TXN00977,2023-11-27,CUST0039,PROD014,Knife Set,Home & Kitchen,East,Online,UPI,1,44.99,0.04,43.19,43.19,21.45,21.74
TXN01571,2023-11-27,CUST0500,PROD005,USB-C Hub,Electronics,Central,Online,Net Banking,2,49.99,0.18,40.99,81.98,48.66,33.32
TXN00756,2023-11-27,CUST0403,PROD010,Sneakers,Clothing,East,In-Store,Cash,3,99.99,0.1,89.99,269.97,140.0,129.97
TXN01215,2023-11-27,CUST0487,PROD015,Cutting Board,Home & Kitchen,Central,In-Store,Net Banking,4,19.99,0.07,18.59,74.36,45.76,28.6
TXN01223,2023-11-27,CUST0009,PROD016,Yoga Mat,Sports,North,In-Store,Credit Card,5,34.99,0.23,26.94,134.7,61.67,73.03
TXN00370,2023-11-28,CUST0152,PROD017,Dumbbell Set,Sports,West,In-Store,Cash,1,79.99,0.15,67.99,67.99,38.99,29.0
TXN00178,2023-11-29,CUST0172,PROD006,Running Jacket,Clothing,South,Online,Credit Card,3,79.99,0.23,61.59,184.77,114.16,70.61
TXN00335,2023-11-29,CUST0085,PROD007,Slim Jeans,Clothing,West,In-Store,Debit Card,1,59.99,0.13,52.19,52.19,23.57,28.62
TXN01116,2023-11-29,CUST0142,PROD028,Lipstick Set,Beauty,South,Mobile App,Net Banking,5,39.99,0.13,34.79,173.95,91.21,82.74
TXN01297,2023-11-29,CUST0180,PROD011,Air Fryer 5L,Home & Kitchen,West,In-Store,UPI,1,89.99,0.01,89.09,89.09,49.13,39.96
TXN00503,2023-11-29,CUST0166,PROD019,Water Bottle,Sports,North,Mobile App,Cash,4,24.99,0.22,19.49,77.96,35.7,42.26
TXN01009,2023-11-29,CUST0320,PROD009,Winter Coat,Clothing,East,Online,Credit Card,2,149.99,0.02,146.99,293.98,180.21,113.77
TXN00900,2023-11-29,CUST0208,PROD025,ML for Beginners,Books,South,In-Store,Credit Card,5,29.99,0.16,25.19,125.95,74.25,51.7
TXN00957,2023-11-30,CUST0387,PROD001,"Laptop Pro 15""",Electronics,East,In-Store,Cash,2,1199.99,0.08,1103.99,2207.98,1186.06,1021.92
TXN01276,2023-11-30,CUST0458,PROD024,SQL Mastery,Books,Central,In-Store,Credit Card,1,34.99,0.15,29.74,29.74,13.59,16.15
TXN01670,2023-11-30,CUST0330,PROD013,Blender Pro,Home & Kitchen,West,Online,UPI,2,59.99,0.04,57.59,115.18,52.41,62.77
TXN00107,2023-11-30,CUST0078,PROD029,Hair Dryer,Beauty,West,Online,Debit Card,4,59.99,0.25,44.99,179.96,109.5,70.46
TXN01166,2023-11-30,CUST0268,PROD027,Moisturizer SPF30,Beauty,East,In-Store,Debit Card,5,29.99,0.13,26.09,130.45,77.71,52.74
TXN00904,2023-11-30,CUST0482,PROD013,Blender Pro,Home & Kitchen,North,In-Store,UPI,5,59.99,0.09,54.59,272.95,125.43,147.52
TXN01071,2023-11-30,CUST0064,PROD016,Yoga Mat,Sports,South,Mobile App,Credit Card,5,34.99,0.21,27.64,138.2,77.09,61.11
TXN00727,2023-11-30,CUST0304,PROD001,"Laptop Pro 15""",Electronics,East,In-Store,Net Banking,1,1199.99,0.04,1151.99,1151.99,538.93,613.06
TXN00216,2023-12-01,CUST0345,PROD023,Business Analytics,Books,West,In-Store,Cash,1,44.99,0.01,44.54,44.54,24.45,20.09
TXN00599,2023-12-01,CUST0435,PROD019,Water Bottle,Sports,Central,Online,Net Banking,1,24.99,0.22,19.49,19.49,9.65,9.84
TXN00553,2023-12-01,CUST0150,PROD001,"Laptop Pro 15""",Electronics,East,Mobile App,Net Banking,2,1199.99,0.09,1091.99,2183.98,1119.72,1064.26
TXN00719,2023-12-01,CUST0342,PROD003,Smart Watch,Electronics,Central,In-Store,Cash,1,249.99,0.1,224.99,224.99,110.77,114.22
TXN01066,2023-12-01,CUST0382,PROD019,Water Bottle,Sports,West,Mobile App,Credit Card,3,24.99,0.17,20.74,62.22,39.88,22.34
TXN01278,2023-12-02,CUST0078,PROD008,Casual T-Shirt,Clothing,East,Mobile App,Cash,5,24.99,0.1,22.49,112.45,52.01,60.44
TXN00167,2023-12-02,CUST0358,PROD005,USB-C Hub,Electronics,West,Online,Cash,2,49.99,0.23,38.49,76.98,39.42,37.56
TXN00590,2023-12-03,CUST0081,PROD002,Wireless Earbuds,Electronics,Central,Mobile App,Net Banking,2,89.99,0.14,77.39,154.78,85.27,69.51
TXN01303,2023-12-03,CUST0063,PROD022,Python Crash Course,Books,North,Online,UPI,3,39.99,0.03,38.79,116.37,61.63,54.74
TXN01272,2023-12-03,CUST0316,PROD010,Sneakers,Clothing,North,In-Store,Debit Card,3,99.99,0.21,78.99,236.97,138.93,98.04
TXN00185,2023-12-03,CUST0322,PROD026,Vitamin C Serum,Beauty,North,Mobile App,UPI,3,34.99,0.2,27.99,83.97,43.58,40.39
TXN00527,2023-12-03,CUST0477,PROD002,Wireless Earbuds,Electronics,Central,In-Store,Debit Card,4,89.99,0.11,80.09,320.36,157.09,163.27
TXN01728,2023-12-03,CUST0095,PROD015,Cutting Board,Home & Kitchen,Central,In-Store,Credit Card,3,19.99,0.12,17.59,52.77,33.99,18.78
TXN00706,2023-12-03,CUST0392,PROD026,Vitamin C Serum,Beauty,Central,Online,Credit Card,1,34.99,0.21,27.64,27.64,13.16,14.48
TXN00693,2023-12-03,CUST0150,PROD011,Air Fryer 5L,Home & Kitchen,Central,Online,UPI,4,89.99,0.14,77.39,309.56,174.77,134.79
TXN01637,2023-12-03,CUST0235,PROD018,Resistance Bands,Sports,North,In-Store,Cash,1,19.99,0.07,18.59,18.59,12.07,6.52
TXN00588,2023-12-03,CUST0128,PROD002,Wireless Earbuds,Electronics,Central,Mobile App,Debit Card,5,89.99,0.1,80.99,404.95,197.87,207.08
TXN00460,2023-12-04,CUST0302,PROD005,USB-C Hub,Electronics,Central,Online,Net Banking,1,49.99,0.19,40.49,40.49,21.87,18.62
TXN00612,2023-12-04,CUST0185,PROD016,Yoga Mat,Sports,North,Online,UPI,1,34.99,0.1,31.49,31.49,15.88,15.61
TXN01048,2023-12-04,CUST0359,PROD004,"Tablet 10""",Electronics,North,Online,Net Banking,5,399.99,0.06,375.99,1879.95,925.55,954.4
TXN00636,2023-12-04,CUST0442,PROD016,Yoga Mat,Sports,South,Online,Debit Card,2,34.99,0.23,26.94,53.88,30.34,23.54
TXN01811,2023-12-04,CUST0162,PROD017,Dumbbell Set,Sports,Central,Mobile App,Debit Card,3,79.99,0.19,64.79,194.37,114.97,79.4
TXN01810,2023-12-04,CUST0495,PROD003,Smart Watch,Electronics,West,Mobile App,UPI,4,249.99,0.05,237.49,949.96,522.03,427.93
TXN01971,2023-12-04,CUST0431,PROD003,Smart Watch,Electronics,South,Online,Debit Card,1,249.99,0.09,227.49,227.49,108.91,118.58
TXN01257,2023-12-05,CUST0428,PROD001,"Laptop Pro 15""",Electronics,North,Online,UPI,4,1199.99,0.08,1103.99,4415.96,2367.24,2048.72
TXN00803,2023-12-05,CUST0385,PROD008,Casual T-Shirt,Clothing,Central,In-Store,Net Banking,5,24.99,0.16,20.99,104.95,63.18,41.77
TXN01230,2023-12-05,CUST0251,PROD026,Vitamin C Serum,Beauty,East,In-Store,Net Banking,5,34.99,0.13,30.44,152.2,86.08,66.12
TXN01519,2023-12-05,CUST0151,PROD009,Winter Coat,Clothing,East,Mobile App,Net Banking,1,149.99,0.02,146.99,146.99,89.73,57.26
TXN00090,2023-12-05,CUST0412,PROD002,Wireless Earbuds,Electronics,South,In-Store,Credit Card,3,89.99,0.2,71.99,215.97,124.19,91.78
TXN00078,2023-12-06,CUST0298,PROD003,Smart Watch,Electronics,East,In-Store,Cash,2,249.99,0.1,224.99,449.98,224.39,225.59
TXN00539,2023-12-06,CUST0253,PROD012,Coffee Maker,Home & Kitchen,Central,Online,Cash,1,69.99,0.03,67.89,67.89,31.62,36.27
TXN01602,2023-12-06,CUST0354,PROD004,"Tablet 10""",Electronics,South,Online,Credit Card,1,399.99,0.17,331.99,331.99,179.22,152.77
TXN01563,2023-12-06,CUST0208,PROD026,Vitamin C Serum,Beauty,East,Online,UPI,2,34.99,0.02,34.29,68.58,40.62,27.96
TXN01590,2023-12-06,CUST0336,PROD004,"Tablet 10""",Electronics,East,Mobile App,Cash,5,399.99,0.02,391.99,1959.95,1085.75,874.2
TXN00036,2023-12-06,CUST0054,PROD025,ML for Beginners,Books,South,In-Store,Credit Card,1,29.99,0.17,24.89,24.89,13.96,10.93
TXN01795,2023-12-06,CUST0034,PROD013,Blender Pro,Home & Kitchen,East,Online,Net Banking,1,59.99,0.06,56.39,56.39,32.4,23.99
TXN01727,2023-12-07,CUST0101,PROD006,Running Jacket,Clothing,West,Mobile App,Cash,1,79.99,0.04,76.79,76.79,43.32,33.47
TXN01017,2023-12-07,CUST0128,PROD012,Coffee Maker,Home & Kitchen,South,Mobile App,Net Banking,2,69.99,0.13,60.89,121.78,76.88,44.9
TXN01006,2023-12-07,CUST0086,PROD006,Running Jacket,Clothing,South,Online,Net Banking,2,79.99,0.24,60.79,121.58,57.06,64.52
TXN00641,2023-12-08,CUST0296,PROD006,Running Jacket,Clothing,Central,In-Store,UPI,3,79.99,0.01,79.19,237.57,147.48,90.09
TXN00814,2023-12-08,CUST0174,PROD016,Yoga Mat,Sports,South,Mobile App,UPI,2,34.99,0.08,32.19,64.38,35.44,28.94
TXN00960,2023-12-08,CUST0244,PROD007,Slim Jeans,Clothing,West,Mobile App,UPI,2,59.99,0.2,47.99,95.98,49.75,46.23
TXN01847,2023-12-08,CUST0199,PROD020,Jump Rope,Sports,South,Mobile App,UPI,2,14.99,0.01,14.84,29.68,14.61,15.07
TXN00441,2023-12-09,CUST0253,PROD001,"Laptop Pro 15""",Electronics,South,Online,Cash,1,1199.99,0.23,923.99,923.99,570.14,353.85
TXN00690,2023-12-09,CUST0040,PROD021,Data Science Handbook,Books,Central,Mobile App,UPI,2,49.99,0.12,43.99,87.98,52.64,35.34
TXN01348,2023-12-09,CUST0060,PROD018,Resistance Bands,Sports,East,Online,Debit Card,1,19.99,0.22,15.59,15.59,10.11,5.48
TXN00241,2023-12-09,CUST0049,PROD029,Hair Dryer,Beauty,South,Online,Net Banking,4,59.99,0.13,52.19,208.76,97.56,111.2
TXN01473,2023-12-09,CUST0485,PROD024,SQL Mastery,Books,North,In-Store,Debit Card,2,34.99,0.12,30.79,61.58,32.39,29.19
TXN01541,2023-12-09,CUST0160,PROD008,Casual T-Shirt,Clothing,South,Mobile App,Cash,1,24.99,0.02,24.49,24.49,14.49,10.0
TXN01950,2023-12-09,CUST0099,PROD001,"Laptop Pro 15""",Electronics,Central,In-Store,Credit Card,4,1199.99,0.13,1043.99,4175.96,1941.87,2234.09
TXN00491,2023-12-10,CUST0035,PROD005,USB-C Hub,Electronics,East,Online,Debit Card,4,49.99,0.16,41.99,167.96,78.04,89.92
TXN00261,2023-12-10,CUST0196,PROD024,SQL Mastery,Books,Central,In-Store,Net Banking,1,34.99,0.24,26.59,26.59,16.97,9.62
TXN00492,2023-12-10,CUST0336,PROD030,Perfume 50ml,Beauty,South,Online,UPI,4,69.99,0.24,53.19,212.76,110.94,101.82
TXN00481,2023-12-10,CUST0323,PROD010,Sneakers,Clothing,South,Mobile App,Net Banking,5,99.99,0.0,99.99,499.95,231.52,268.43
TXN00872,2023-12-10,CUST0231,PROD004,"Tablet 10""",Electronics,Central,In-Store,UPI,3,399.99,0.08,367.99,1103.97,656.66,447.31
TXN00937,2023-12-10,CUST0228,PROD026,Vitamin C Serum,Beauty,North,In-Store,Net Banking,5,34.99,0.01,34.64,173.2,106.76,66.44
TXN01632,2023-12-10,CUST0291,PROD022,Python Crash Course,Books,East,In-Store,Credit Card,4,39.99,0.22,31.19,124.76,80.35,44.41
TXN00885,2023-12-11,CUST0335,PROD008,Casual T-Shirt,Clothing,East,In-Store,Debit Card,4,24.99,0.24,18.99,75.96,46.84,29.12
TXN01047,2023-12-11,CUST0281,PROD002,Wireless Earbuds,Electronics,West,Online,Net Banking,4,89.99,0.2,71.99,287.96,146.94,141.02
TXN00942,2023-12-11,CUST0350,PROD017,Dumbbell Set,Sports,Central,Mobile App,Debit Card,5,79.99,0.05,75.99,379.95,227.12,152.83
TXN01486,2023-12-11,CUST0156,PROD019,Water Bottle,Sports,North,In-Store,UPI,2,24.99,0.04,23.99,47.98,28.89,19.09
TXN01946,2023-12-11,CUST0426,PROD006,Running Jacket,Clothing,South,Online,Cash,5,79.99,0.12,70.39,351.95,188.36,163.59
TXN00465,2023-12-11,CUST0068,PROD007,Slim Jeans,Clothing,South,Mobile App,Cash,5,59.99,0.18,49.19,245.95,144.45,101.5
TXN00642,2023-12-11,CUST0146,PROD001,"Laptop Pro 15""",Electronics,Central,Mobile App,Cash,1,1199.99,0.1,1079.99,1079.99,524.5,555.49
TXN00792,2023-12-11,CUST0491,PROD029,Hair Dryer,Beauty,North,Online,UPI,3,59.99,0.17,49.79,149.37,72.75,76.62
TXN01003,2023-12-12,CUST0273,PROD009,Winter Coat,Clothing,South,In-Store,Credit Card,3,149.99,0.04,143.99,431.97,256.11,175.86
TXN01906,2023-12-12,CUST0189,PROD013,Blender Pro,Home & Kitchen,East,Mobile App,Debit Card,1,59.99,0.05,56.99,56.99,34.63,22.36
TXN00702,2023-12-12,CUST0384,PROD011,Air Fryer 5L,Home & Kitchen,South,Mobile App,Cash,3,89.99,0.16,75.59,226.77,119.79,106.98
TXN01092,2023-12-13,CUST0455,PROD027,Moisturizer SPF30,Beauty,Central,Mobile App,Credit Card,4,29.99,0.12,26.39,105.56,61.97,43.59
TXN00952,2023-12-13,CUST0029,PROD003,Smart Watch,Electronics,Central,Online,UPI,5,249.99,0.16,209.99,1049.95,486.29,563.66
TXN00324,2023-12-13,CUST0202,PROD007,Slim Jeans,Clothing,West,Online,Cash,3,59.99,0.21,47.39,142.17,85.63,56.54
TXN00734,2023-12-13,CUST0460,PROD009,Winter Coat,Clothing,East,Online,Credit Card,5,149.99,0.14,128.99,644.95,344.28,300.67
TXN01646,2023-12-13,CUST0304,PROD009,Winter Coat,Clothing,North,In-Store,Debit Card,5,149.99,0.18,122.99,614.95,334.44,280.51
TXN00881,2023-12-14,CUST0464,PROD019,Water Bottle,Sports,West,Online,Credit Card,4,24.99,0.13,21.74,86.96,51.73,35.23
TXN00723,2023-12-14,CUST0206,PROD009,Winter Coat,Clothing,East,Online,Cash,3,149.99,0.2,119.99,359.97,232.7,127.27
TXN00796,2023-12-14,CUST0189,PROD017,Dumbbell Set,Sports,South,Online,Net Banking,1,79.99,0.22,62.39,62.39,38.09,24.3
TXN01713,2023-12-14,CUST0252,PROD025,ML for Beginners,Books,North,In-Store,UPI,4,29.99,0.16,25.19,100.76,57.3,43.46
TXN00165,2023-12-14,CUST0307,PROD013,Blender Pro,Home & Kitchen,North,Mobile App,UPI,3,59.99,0.1,53.99,161.97,97.97,64.0
TXN00679,2023-12-14,CUST0156,PROD007,Slim Jeans,Clothing,West,Mobile App,UPI,3,59.99,0.07,55.79,167.37,101.91,65.46
TXN00924,2023-12-14,CUST0087,PROD008,Casual T-Shirt,Clothing,North,Mobile App,UPI,1,24.99,0.04,23.99,23.99,15.36,8.63
TXN01282,2023-12-14,CUST0244,PROD002,Wireless Earbuds,Electronics,East,Online,Debit Card,2,89.99,0.02,88.19,176.38,83.12,93.26
TXN01992,2023-12-15,CUST0148,PROD023,Business Analytics,Books,East,Online,Credit Card,1,44.99,0.15,38.24,38.24,22.99,15.25
TXN00423,2023-12-15,CUST0461,PROD028,Lipstick Set,Beauty,East,Mobile App,Credit Card,5,39.99,0.19,32.39,161.95,78.81,83.14
TXN00898,2023-12-15,CUST0359,PROD021,Data Science Handbook,Books,Central,In-Store,UPI,5,49.99,0.24,37.99,189.95,101.41,88.54
TXN00286,2023-12-15,CUST0300,PROD008,Casual T-Shirt,Clothing,West,Online,Cash,5,24.99,0.24,18.99,94.95,50.93,44.02
TXN00234,2023-12-15,CUST0395,PROD001,"Laptop Pro 15""",Electronics,South,Online,Cash,4,1199.99,0.08,1103.99,4415.96,2404.41,2011.55
TXN01576,2023-12-15,CUST0301,PROD025,ML for Beginners,Books,East,Online,Cash,4,29.99,0.04,28.79,115.16,64.25,50.91
TXN00582,2023-12-16,CUST0255,PROD011,Air Fryer 5L,Home & Kitchen,Central,Online,Cash,5,89.99,0.2,71.99,359.95,175.65,184.3
TXN01556,2023-12-16,CUST0177,PROD016,Yoga Mat,Sports,East,Online,UPI,4,34.99,0.21,27.64,110.56,55.36,55.2
TXN00414,2023-12-16,CUST0005,PROD027,Moisturizer SPF30,Beauty,West,Online,Debit Card,3,29.99,0.16,25.19,75.57,41.76,33.81
TXN01314,2023-12-16,CUST0487,PROD019,Water Bottle,Sports,East,Online,Debit Card,2,24.99,0.03,24.24,48.48,21.96,26.52
TXN01615,2023-12-16,CUST0252,PROD015,Cutting Board,Home & Kitchen,Central,In-Store,UPI,4,19.99,0.11,17.79,71.16,42.67,28.49
TXN01104,2023-12-16,CUST0366,PROD018,Resistance Bands,Sports,South,In-Store,Net Banking,1,19.99,0.11,17.79,17.79,9.96,7.83
TXN01611,2023-12-17,CUST0034,PROD007,Slim Jeans,Clothing,West,Mobile App,Cash,5,59.99,0.24,45.59,227.95,105.16,122.79
TXN01715,2023-12-17,CUST0252,PROD030,Perfume 50ml,Beauty,North,In-Store,Credit Card,5,69.99,0.22,54.59,272.95,174.64,98.31
TXN00807,2023-12-17,CUST0277,PROD016,Yoga Mat,Sports,Central,In-Store,Net Banking,5,34.99,0.17,29.04,145.2,84.51,60.69
TXN00619,2023-12-17,CUST0410,PROD022,Python Crash Course,Books,South,Online,UPI,2,39.99,0.16,33.59,67.18,38.04,29.14
TXN01081,2023-12-17,CUST0281,PROD022,Python Crash Course,Books,West,Online,UPI,1,39.99,0.07,37.19,37.19,20.69,16.5
TXN00524,2023-12-17,CUST0362,PROD024,SQL Mastery,Books,North,Online,Net Banking,3,34.99,0.2,27.99,83.97,48.1,35.87
TXN00470,2023-12-17,CUST0161,PROD023,Business Analytics,Books,Central,Online,Credit Card,1,44.99,0.23,34.64,34.64,18.27,16.37
TXN00281,2023-12-17,CUST0474,PROD030,Perfume 50ml,Beauty,East,Mobile App,Cash,4,69.99,0.07,65.09,260.36,165.28,95.08
TXN00747,2023-12-17,CUST0042,PROD018,Resistance Bands,Sports,Central,In-Store,Credit Card,5,19.99,0.14,17.19,85.95,52.33,33.62
TXN01990,2023-12-18,CUST0190,PROD022,Python Crash Course,Books,North,Online,Cash,2,39.99,0.09,36.39,72.78,41.6,31.18
TXN01967,2023-12-18,CUST0311,PROD025,ML for Beginners,Books,West,Online,Net Banking,3,29.99,0.18,24.59,73.77,40.45,33.32
TXN01429,2023-12-18,CUST0233,PROD002,Wireless Earbuds,Electronics,North,In-Store,Net Banking,3,89.99,0.03,87.29,261.87,144.39,117.48
TXN01235,2023-12-18,CUST0158,PROD009,Winter Coat,Clothing,Central,Mobile App,Credit Card,2,149.99,0.02,146.99,293.98,157.17,136.81
TXN00421,2023-12-18,CUST0274,PROD025,ML for Beginners,Books,West,Mobile App,UPI,2,29.99,0.09,27.29,54.58,32.35,22.23
TXN00055,2023-12-19,CUST0003,PROD009,Winter Coat,Clothing,North,In-Store,Debit Card,4,149.99,0.1,134.99,539.96,258.92,281.04
TXN00785,2023-12-19,CUST0117,PROD001,"Laptop Pro 15""",Electronics,East,Online,Debit Card,2,1199.99,0.03,1163.99,2327.98,1370.83,957.15
TXN00077,2023-12-20,CUST0244,PROD002,Wireless Earbuds,Electronics,West,In-Store,Credit Card,4,89.99,0.12,79.19,316.76,190.57,126.19
TXN00575,2023-12-20,CUST0244,PROD017,Dumbbell Set,Sports,Central,Online,UPI,1,79.99,0.24,60.79,60.79,34.42,26.37
TXN00338,2023-12-20,CUST0014,PROD010,Sneakers,Clothing,East,Online,Cash,5,99.99,0.15,84.99,424.95,242.87,182.08
TXN00746,2023-12-20,CUST0171,PROD029,Hair Dryer,Beauty,Central,Online,UPI,1,59.99,0.22,46.79,46.79,21.72,25.07
TXN00405,2023-12-20,CUST0122,PROD024,SQL Mastery,Books,North,Mobile App,Net Banking,1,34.99,0.1,31.49,31.49,19.71,11.78
TXN00116,2023-12-20,CUST0129,PROD018,Resistance Bands,Sports,West,In-Store,Debit Card,5,19.99,0.07,18.59,92.95,59.71,33.24
TXN00594,2023-12-20,CUST0422,PROD003,Smart Watch,Electronics,East,Mobile App,Cash,2,249.99,0.05,237.49,474.98,243.66,231.32
TXN00985,2023-12-20,CUST0276,PROD012,Coffee Maker,Home & Kitchen,East,In-Store,Cash,4,69.99,0.11,62.29,249.16,149.63,99.53
TXN00597,2023-12-20,CUST0360,PROD028,Lipstick Set,Beauty,Central,Online,Cash,4,39.99,0.04,38.39,153.56,94.46,59.1
TXN01242,2023-12-21,CUST0138,PROD019,Water Bottle,Sports,West,Online,Debit Card,1,24.99,0.05,23.74,23.74,14.6,9.14
TXN01976,2023-12-21,CUST0374,PROD006,Running Jacket,Clothing,South,Mobile App,Cash,3,79.99,0.2,63.99,191.97,122.91,69.06
TXN00935,2023-12-21,CUST0069,PROD012,Coffee Maker,Home & Kitchen,North,Mobile App,Net Banking,4,69.99,0.24,53.19,212.76,109.72,103.04
TXN00190,2023-12-21,CUST0255,PROD029,Hair Dryer,Beauty,East,Mobile App,UPI,4,59.99,0.08,55.19,220.76,107.59,113.17
TXN01569,2023-12-21,CUST0069,PROD012,Coffee Maker,Home & Kitchen,East,Mobile App,Debit Card,3,69.99,0.14,60.19,180.57,84.04,96.53
TXN01121,2023-12-22,CUST0098,PROD012,Coffee Maker,Home & Kitchen,West,In-Store,Cash,3,69.99,0.01,69.29,207.87,117.08,90.79
TXN00565,2023-12-22,CUST0351,PROD027,Moisturizer SPF30,Beauty,East,In-Store,Cash,5,29.99,0.19,24.29,121.45,76.76,44.69
TXN00381,2023-12-22,CUST0456,PROD029,Hair Dryer,Beauty,Central,In-Store,Debit Card,3,59.99,0.04,57.59,172.77,111.22,61.55
TXN00610,2023-12-22,CUST0358,PROD015,Cutting Board,Home & Kitchen,North,In-Store,Cash,4,19.99,0.16,16.79,67.16,43.55,23.61
TXN00356,2023-12-22,CUST0450,PROD004,"Tablet 10""",Electronics,North,In-Store,Credit Card,1,399.99,0.06,375.99,375.99,195.25,180.74
TXN01383,2023-12-22,CUST0049,PROD016,Yoga Mat,Sports,Central,In-Store,UPI,1,34.99,0.08,32.19,32.19,15.69,16.5
TXN01882,2023-12-22,CUST0065,PROD024,SQL Mastery,Books,North,Online,Cash,1,34.99,0.22,27.29,27.29,12.91,14.38
TXN00145,2023-12-22,CUST0137,PROD025,ML for Beginners,Books,North,Online,UPI,1,29.99,0.15,25.49,25.49,14.82,10.67
TXN01681,2023-12-23,CUST0213,PROD005,USB-C Hub,Electronics,Central,Online,Credit Card,3,49.99,0.12,43.99,131.97,77.06,54.91
TXN01186,2023-12-23,CUST0280,PROD001,"Laptop Pro 15""",Electronics,South,Mobile App,Net Banking,2,1199.99,0.19,971.99,1943.98,947.75,996.23
TXN00517,2023-12-23,CUST0295,PROD018,Resistance Bands,Sports,North,In-Store,Debit Card,5,19.99,0.2,15.99,79.95,50.49,29.46
TXN00938,2023-12-23,CUST0005,PROD023,Business Analytics,Books,North,In-Store,UPI,4,44.99,0.04,43.19,172.76,104.28,68.48
TXN00876,2023-12-23,CUST0497,PROD007,Slim Jeans,Clothing,South,Online,Debit Card,1,59.99,0.05,56.99,56.99,34.95,22.04
TXN00127,2023-12-23,CUST0485,PROD022,Python Crash Course,Books,Central,In-Store,Cash,4,39.99,0.11,35.59,142.36,83.15,59.21
TXN00645,2023-12-23,CUST0108,PROD003,Smart Watch,Electronics,Central,Online,Credit Card,3,249.99,0.13,217.49,652.47,362.07,290.4
TXN01923,2023-12-23,CUST0382,PROD014,Knife Set,Home & Kitchen,East,Online,Cash,1,44.99,0.02,44.09,44.09,28.07,16.02
TXN01724,2023-12-24,CUST0221,PROD030,Perfume 50ml,Beauty,North,Mobile App,Cash,5,69.99,0.01,69.29,346.45,190.28,156.17
TXN00559,2023-12-24,CUST0277,PROD020,Jump Rope,Sports,South,Mobile App,Cash,3,14.99,0.14,12.89,38.67,18.45,20.22
TXN01679,2023-12-24,CUST0116,PROD006,Running Jacket,Clothing,West,Online,Credit Card,5,79.99,0.01,79.19,395.95,229.09,166.86
TXN00100,2023-12-24,CUST0249,PROD015,Cutting Board,Home & Kitchen,North,Online,Cash,2,19.99,0.23,15.39,30.78,16.55,14.23
TXN01408,2023-12-24,CUST0226,PROD008,Casual T-Shirt,Clothing,East,Online,Net Banking,2,24.99,0.04,23.99,47.98,24.42,23.56
TXN00516,2023-12-24,CUST0272,PROD004,"Tablet 10""",Electronics,West,Online,Net Banking,5,399.99,0.11,355.99,1779.95,1112.41,667.54
TXN00983,2023-12-24,CUST0214,PROD011,Air Fryer 5L,Home & Kitchen,South,In-Store,Net Banking,3,89.99,0.21,71.09,213.27,114.26,99.01
TXN00376,2023-12-25,CUST0181,PROD023,Business Analytics,Books,Central,Mobile App,Debit Card,3,44.99,0.23,34.64,103.92,47.35,56.57
TXN00331,2023-12-25,CUST0387,PROD012,Coffee Maker,Home & Kitchen,South,In-Store,Credit Card,1,69.99,0.1,62.99,62.99,32.19,30.8
TXN00523,2023-12-25,CUST0487,PROD027,Moisturizer SPF30,Beauty,South,Online,Debit Card,1,29.99,0.19,24.29,24.29,13.1,11.19
TXN01188,2023-12-25,CUST0256,PROD003,Smart Watch,Electronics,West,In-Store,Net Banking,3,249.99,0.13,217.49,652.47,406.85,245.62
TXN00251,2023-12-25,CUST0033,PROD002,Wireless Earbuds,Electronics,Central,Online,Credit Card,5,89.99,0.02,88.19,440.95,235.79,205.16
TXN00346,2023-12-26,CUST0006,PROD003,Smart Watch,Electronics,South,In-Store,UPI,2,249.99,0.03,242.49,484.98,286.9,198.08
TXN01729,2023-12-26,CUST0201,PROD021,Data Science Handbook,Books,North,In-Store,Credit Card,2,49.99,0.05,47.49,94.98,48.45,46.53
TXN01370,2023-12-26,CUST0274,PROD009,Winter Coat,Clothing,Central,Online,Net Banking,5,149.99,0.07,139.49,697.45,353.53,343.92
TXN01163,2023-12-26,CUST0346,PROD008,Casual T-Shirt,Clothing,North,In-Store,Net Banking,4,24.99,0.18,20.49,81.96,52.85,29.11
TXN00300,2023-12-26,CUST0459,PROD029,Hair Dryer,Beauty,Central,Mobile App,Credit Card,5,59.99,0.01,59.39,296.95,191.14,105.81
TXN00688,2023-12-27,CUST0189,PROD023,Business Analytics,Books,North,Mobile App,Net Banking,1,44.99,0.24,34.19,34.19,19.27,14.92
TXN00363,2023-12-27,CUST0357,PROD001,"Laptop Pro 15""",Electronics,Central,Online,Debit Card,2,1199.99,0.2,959.99,1919.98,980.81,939.17
TXN00936,2023-12-27,CUST0251,PROD001,"Laptop Pro 15""",Electronics,West,Mobile App,Credit Card,2,1199.99,0.1,1079.99,2159.98,1358.74,801.24
TXN01994,2023-12-27,CUST0171,PROD020,Jump Rope,Sports,Central,Online,UPI,4,14.99,0.04,14.39,57.56,28.19,29.37
TXN00322,2023-12-27,CUST0150,PROD015,Cutting Board,Home & Kitchen,East,Mobile App,UPI,3,19.99,0.15,16.99,50.97,24.65,26.32
TXN00102,2023-12-28,CUST0140,PROD027,Moisturizer SPF30,Beauty,West,In-Store,Net Banking,4,29.99,0.23,23.09,92.36,46.95,45.41
TXN00646,2023-12-28,CUST0148,PROD025,ML for Beginners,Books,West,Mobile App,UPI,1,29.99,0.12,26.39,26.39,15.51,10.88
TXN01124,2023-12-29,CUST0138,PROD025,ML for Beginners,Books,Central,Online,Debit Card,3,29.99,0.08,27.59,82.77,40.89,41.88
TXN00934,2023-12-29,CUST0232,PROD023,Business Analytics,Books,East,Online,UPI,3,44.99,0.16,37.79,113.37,73.23,40.14
TXN01551,2023-12-29,CUST0250,PROD017,Dumbbell Set,Sports,Central,Mobile App,Cash,5,79.99,0.11,71.19,355.95,179.1,176.85
TXN00860,2023-12-29,CUST0338,PROD021,Data Science Handbook,Books,West,In-Store,UPI,3,49.99,0.04,47.99,143.97,67.12,76.85
TXN00613,2023-12-30,CUST0051,PROD029,Hair Dryer,Beauty,East,In-Store,Cash,2,59.99,0.24,45.59,91.18,50.3,40.88
TXN01353,2023-12-30,CUST0092,PROD004,"Tablet 10""",Electronics,North,In-Store,UPI,1,399.99,0.12,351.99,351.99,201.42,150.57
TXN01198,2023-12-30,CUST0411,PROD018,Resistance Bands,Sports,South,Mobile App,Credit Card,5,19.99,0.04,19.19,95.95,47.61,48.34
TXN00669,2023-12-30,CUST0393,PROD004,"Tablet 10""",Electronics,West,In-Store,Debit Card,1,399.99,0.11,355.99,355.99,208.93,147.06
TXN01528,2023-12-30,CUST0499,PROD008,Casual T-Shirt,Clothing,West,Mobile App,Cash,2,24.99,0.18,20.49,40.98,20.91,20.07
TXN00200,2023-12-31,CUST0364,PROD025,ML for Beginners,Books,South,In-Store,Cash,3,29.99,0.22,23.39,70.17,43.52,26.65
TXN00675,2023-12-31,CUST0294,PROD022,Python Crash Course,Books,West,Online,Cash,2,39.99,0.17,33.19,66.38,30.91,35.47
TXN01444,2023-12-31,CUST0312,PROD003,Smart Watch,Electronics,West,Mobile App,Net Banking,2,249.99,0.02,244.99,489.98,248.7,241.28
TXN01883,2023-12-31,CUST0378,PROD005,USB-C Hub,Electronics,South,Online,Cash,4,49.99,0.1,44.99,179.96,104.36,75.6
TXN01143,2023-12-31,CUST0409,PROD014,Knife Set,Home & Kitchen,North,Online,Debit Card,3,44.99,0.23,34.64,103.92,63.61,40.31
TXN01782,2023-12-31,CUST0288,PROD015,Cutting Board,Home & Kitchen,East,Online,Credit Card,2,19.99,0.0,19.99,39.98,18.8,21.18
TXN00633,2023-12-31,CUST0459,PROD018,Resistance Bands,Sports,South,In-Store,Credit Card,4,19.99,0.01,19.79,79.16,42.8,36.36
TXN00287,2023-12-31,CUST0402,PROD012,Coffee Maker,Home & Kitchen,South,Mobile App,Net Banking,1,69.99,0.02,68.59,68.59,32.98,35.61
TXN00687,2023-12-31,CUST0257,PROD021,Data Science Handbook,Books,East,In-Store,Cash,5,49.99,0.12,43.99,219.95,131.13,88.82
TXN01535,2023-12-31,CUST0152,PROD002,Wireless Earbuds,Electronics,South,In-Store,UPI,4,89.99,0.21,71.09,284.36,134.8,149.56
